ID,Posted at,Screen name,Text
1658948337624576002,2023-05-17 21:31:20 +0000,iamDCinvestor,"i remember when you wouldn't get mobbed in crypto for suggesting stuff like:

""don't use custodial stable coins, es‚Ä¶ https://t.co/M862NO0bFa"
1658948302606352387,2023-05-17 21:31:11 +0000,TCRPartyBot,RT @notsofast: holy shit white hearts are flipping azuki WHITE HEARTS ARE FLIPPING AZUKI RIGHT NOW
1658948283178549248,2023-05-17 21:31:07 +0000,eladgil,"üî•Livestream tonight 6:30pmüî•

Fireside with @chughesjohnson  ex-COO Stripeüî•

We discuss:

*Early days of Google & St‚Ä¶ https://t.co/GnMGcQB1uN"
1658948175351230466,2023-05-17 21:30:41 +0000,TCRPartyBot,RT @pbrody: #WorthReading Wahoo Fitness Founder Buys Company Back from Banks #WorthReading https://t.co/WTwkxJnuv2
1658947995520344070,2023-05-17 21:29:58 +0000,GirlsWhoCode,"RT @DrTarikaBarrett: We‚Äôre still celebrating #AAPIHeritageMonth here at @GirlsWhoCode, and there are so many Influential AAPI Women in t‚Ä¶ https://t.co/i34rVO1a4C"
1658947750850101248,2023-05-17 21:29:00 +0000,kildall,"Soundscapes of insects: ""Songbugs"" episode of Twenty Thousand Hertz podcast so good...speaks to my thorax.

https://t.co/h5FjGUDGsY

@20korg"
1658947555005218821,2023-05-17 21:28:13 +0000,JoshuaDavis,@rustysniper1 @piterpasma It's remarkable to see how many different things/compositions people are coming up with.
1658947388814368770,2023-05-17 21:27:33 +0000,theshawwn,"RT @0xstdsp: @hardmaru Have you heard about GOAT?
How to use:
https://t.co/7gRlE89mEz"
1658947285743460354,2023-05-17 21:27:09 +0000,luluixixix,"RT @luluixixix: #luluxxx #objkt #hicetnunc #tezos #nft 
https://t.co/VWuJicnCb5 https://t.co/DEMTYN7LLP"
1658947038598373389,2023-05-17 21:26:10 +0000,ggreenwald,"The clip has Portuguese subtitles for the Brazilians David represented, and we'll publish the full segment.

A frie‚Ä¶ https://t.co/VElMyxzFHH"
1658946951524802560,2023-05-17 21:25:49 +0000,funghibull,RT @lrfaanz: Art vs Artist https://t.co/fNqZpuZExl
1658946827302088708,2023-05-17 21:25:20 +0000,altryne,"Ooohh, @GoogleColab is said to soon be getting an AI coding assistant! For free?? 

This is great! So many folks us‚Ä¶ https://t.co/v5a2BjyKUT"
1658946651803754501,2023-05-17 21:24:38 +0000,TCRPartyBot,RT @tayvano_: üò≥ https://t.co/VYxrVI9teQ
1658946566869188608,2023-05-17 21:24:17 +0000,cryptoartcollec,"RT @3Ninjah: GN Friends 

Here is an amazing piece I picked up on @niftygateway 

By @MarvinChrisson 
publisher @cryptoartcollec‚Ä¶ https://t.co/SmMDgfZtdU"
1658946465233002496,2023-05-17 21:23:53 +0000,RichardSocher,"This is a cool paper. We had implemented this idea in https://t.co/2tfrBwzG2k a few months ago. 
It's interesting h‚Ä¶ https://t.co/gJyVyptvde"
1658946244427886594,2023-05-17 21:23:01 +0000,artblocks_io,"Human Unreadable, by @operator_______, is a multilayered experience, divided into a trilogy. Explore this body of w‚Ä¶ https://t.co/I3FUUVQB2g"
1658946241940578314,2023-05-17 21:23:00 +0000,_akhaliq,"RT @freddy_alfonso_: No backend required to bring state of the art ML to your app ü§Ø

Simple use the @Gradio js client! https://t.co/vUFJDcmMQk"
1658946185837551621,2023-05-17 21:22:47 +0000,TCRPartyBot,RT @TorBair: Bottom is near https://t.co/DlPlTUhuYc
1658945941527748608,2023-05-17 21:21:48 +0000,iamDCinvestor,"i get that it's fun to make fun of me like i don't understand these things

but if you want to ignore the long-tail‚Ä¶ https://t.co/uofTjw14Es"
1658945936473878528,2023-05-17 21:21:47 +0000,funghibull,"RT @Polygon1993: Cathode-Ray Pulsion

1/1 available now!
üîó below
A special edition will be airdropped to every bidder after the auct‚Ä¶ https://t.co/BLHgVNq3vx"
1658945864809709571,2023-05-17 21:21:30 +0000,hugo_larochelle,"RT @neilzegh: AudioLM generates high-quality speech (SPEAR-TTS) and music (MusicLM, SingSong), but is quite slow.
SoundStorm spee‚Ä¶ https://t.co/hbQRit0SxN"
1658945687411736577,2023-05-17 21:20:48 +0000,iamDCinvestor,"folks, i obviously know that USDT and LUNA do not share a similar collateralization mechanism

my tweet was a shitp‚Ä¶ https://t.co/SnHpDhRhW6"
1658945321618247680,2023-05-17 21:19:21 +0000,eladgil,üî• https://t.co/344P0lJ6XC
1658945269088628742,2023-05-17 21:19:08 +0000,TrustlessState,It‚Äôs ‚Äúline-up so @zachxbt can shoot you easier‚Äù season https://t.co/OmjVZPZNL6
1658944670070603777,2023-05-17 21:16:45 +0000,ggreenwald,"On last night's @SystemUpdate_, we paid tribute to the public part of David Miranda's extraordinary life: as a jour‚Ä¶ https://t.co/EzOJTY9Mh6"
1658943841351741440,2023-05-17 21:13:28 +0000,AlexEstorick,RT @EmpressTrash: Thank you so much @wang666brother for adding Never Been Part Of from the Pixel Generation exhibit through‚Ä¶ https://t.co/En8GE68hJf
1658943616482418688,2023-05-17 21:12:34 +0000,sarahbadr,"RT @CriticalAI: #CriticalAI invites you to contribute to #AIHypeWallofShame, a partnership w/ the @DAIRInstitute. 
Our goal is to d‚Ä¶ https://t.co/bvigxfmCtz"
1658943570282262531,2023-05-17 21:12:23 +0000,bernardo_cafe,RT @adhd143: https://t.co/kjC89bFJRu
1658943528108531713,2023-05-17 21:12:13 +0000,bernardo_cafe,RT @arrogantkei: The Art Of Deception https://t.co/TbGbBJSHdg
1658943456759230465,2023-05-17 21:11:56 +0000,bernardo_cafe,"RT @LucaPonsatoArt: ""I've Died In My Dreams Before""
Created using ChatGPT and p5.js https://t.co/0tOB5wmqNW"
1658943372235624453,2023-05-17 21:11:36 +0000,sarahbadr,"RT @htmlenergy: are you in toronto on june 3rd?
https://t.co/JxgFaWJFQW
live ‚ùáÔ∏è and prosper!"
1658943335321460736,2023-05-17 21:11:27 +0000,_akhaliq,"RT @realMustafaIsik: We have released the code for HumanRF on https://t.co/ULFvplz1JL.

Also, visit https://t.co/fjatV81kKy to get acces‚Ä¶ https://t.co/u2Vqss5C0f"
1658942969351905281,2023-05-17 21:10:00 +0000,M4T_NFT,I've always had a soft spot for car plates üòÑ https://t.co/30uoEtZRNl
1658942856759848963,2023-05-17 21:09:33 +0000,ameensol,"RT @yb_effect: November 6th, 2018: @ameensol adds SPANK @SpankChain liquidity to test out Uniswap.

It was the biggest pair to sta‚Ä¶ https://t.co/u2vhenhNVm"
1658942566253903875,2023-05-17 21:08:24 +0000,sarahbadr,RT @jstn: searching for old content on youtube has become very difficult already; it's clear their algorithm values the churn‚Ä¶ https://t.co/YCugXxxnLn
1658942535123730432,2023-05-17 21:08:16 +0000,teropa,"RT @nofilmschool: ‚ÄúI‚Äôm old. I read stuff ... I want to tell stories, & there‚Äôs no more time. [Akira] Kurosawa, when he got his Oscar‚Ä¶ https://t.co/PHeAiHnXnr"
1658942423114948610,2023-05-17 21:07:49 +0000,sarahbadr,RT @mrdoob: https://t.co/z4IsEtcalP
1658942384258809869,2023-05-17 21:07:40 +0000,jbrukh,"RT @CoinDesk: Ethereum staking needs a rates benchmark to unleash TradFi $ETH products, according to @coinfund_io's @perkinscr97.

https://t.co/jEzacWvhZ6"
1658942292844003329,2023-05-17 21:07:18 +0000,sarahbadr,RT @bengrosser: Proposal by @jbakcoleman @zeynep @notjamesmickens et al to form IPCC-like group to track harms by digital platforms‚Ä¶ https://t.co/SGxH7omRbk
1658941887212838919,2023-05-17 21:05:42 +0000,ahandvanish,RT @AutSciPerson: I just found out that there's a credit card that gives you higher cashback rewards if you exercise (have an elevate‚Ä¶ https://t.co/uefi80SH16
1658941771538132995,2023-05-17 21:05:14 +0000,sarahbadr,"RT @Hannah_illo: Sam Altman is full of shit.

Datasets should be opt-in ONLY, or get the fuck out. He benefits from an unprecedented‚Ä¶ https://t.co/Q33DMQKLDK"
1658941299842592769,2023-05-17 21:03:22 +0000,mbanzi,I‚Äôm very excited about speaking at @HdwPioneers on July 13 in London . Come visit our booth we have cool nerdy stuf‚Ä¶ https://t.co/c9YN5srVxu
1658941082996989954,2023-05-17 21:02:30 +0000,mariuswatz,"@liasomething @HughesMichi @clintfulkerson I know Java real well, like a granddad."
1658940999337476100,2023-05-17 21:02:10 +0000,mbanzi,RT @EliotHiggins: Elon Musk's CNBC Interview Makes Marjorie Taylor Greene Sound Thoughtful https://t.co/R6AOigNCqw
1658940985848504322,2023-05-17 21:02:07 +0000,RyanSAdams,@TrustlessState @Ledger @P3b7_ how dare you
1658940860535283712,2023-05-17 21:01:37 +0000,TrustlessState,@Ledger @P3b7_ this tweet emblematic of my relationship with twitter rn
1658940745687113735,2023-05-17 21:01:10 +0000,funghibull,"RT @YAGAMIIIARTS: ‚ÄúIvan the Terrible & His Son‚Äù by Ilya Repin (1885) 

‚ÄúDEGEN‚Äù by Me https://t.co/fdcK34iGrl https://t.co/EzBSISBdn1"
1658940599054245889,2023-05-17 21:00:35 +0000,funghibull,RT @planttdaddii: Thrilled to get started on this - I think the first line of action will be the laundromats office & dust bunny merc‚Ä¶ https://t.co/EBBIRqzp93
1658940597464358913,2023-05-17 21:00:34 +0000,co1born,time to shine üßë‚Äç‚öñÔ∏è‚öñÔ∏è https://t.co/ChgVgKXjpl
1658940589759422473,2023-05-17 21:00:32 +0000,AndrewSteinwold,"RT @sohoxyz: 1/ App Store launch

Over the past year, we‚Äôve been building a new mobile platform for NFT collectors and creators.‚Ä¶ https://t.co/KlZGXzSEz7"
1658940522919239682,2023-05-17 21:00:16 +0000,MuseumofCrypto,Live with Restream https://t.co/z0TvDPqqpM
1658940416492810241,2023-05-17 20:59:51 +0000,ahandvanish,RT @coco_chatel: .@Karamo gets it!! I hope people realize that disability justice is an important movement because disability eventu‚Ä¶ https://t.co/b5pkTfdbIb
1658940018977546240,2023-05-17 20:58:16 +0000,ahandvanish,"RT @TheMegascope: If your child is feeling tired or unmotivated after  COVID, whether it's a first bout or a second or third infectio‚Ä¶ https://t.co/1k86U1YBAU"
1658939735639818243,2023-05-17 20:57:09 +0000,luluixixix,"RT @luluixixix: #luluxxx~@auniseiva #objkt #hicetnunc #nft #tezos 
https://t.co/Y2Ye5jwJwD
https://t.co/w9ZDioH0Km https://t.co/4frMJggrGq"
1658939517594681344,2023-05-17 20:56:17 +0000,TrustlessState,"Do we get the pitchforks??

Or do we chillax?

idk just watch the interview with @Ledger CTO @P3b7_‚Ä¶ https://t.co/ceyPZn0X05"
1658939180699865095,2023-05-17 20:54:56 +0000,evabeylin,the ads served via neuralink would be indistinguishable from real thoughts
1658938757632884739,2023-05-17 20:53:16 +0000,liasomething,"RT @colorschemez: self-critical aqua green
pedatifid baby poop
mirthless green teal https://t.co/GveB7IFlKU"
1658938755951017987,2023-05-17 20:53:15 +0000,suzatweet,@huggingface Congratulations! ü§ó
1658938495845511169,2023-05-17 20:52:13 +0000,RyanSAdams,"We brought the security officer of @Ledger on to ask the question everyone wants to know.

Is Ledger Safe?

https://t.co/IzZw8j82ly"
1658938442473152534,2023-05-17 20:52:00 +0000,advadnoun,"RT @marysia_cc: Anna and Elena Balbusso
Cover for  'The Good Hawk' by Joseph Elliot https://t.co/7Ok5XcLpz2"
1658938343260839937,2023-05-17 20:51:37 +0000,sashastiles,RT @anikojay: Last night üëÄ @madebyoona @annespalter @cocodolle @sashastiles @artnet @art_cadaf @curatingthings ‚ú® https://t.co/Tem8gfc0Jr
1658938013412474883,2023-05-17 20:50:18 +0000,TCRPartyBot,RT @hudsonjameson: A security minded friend of mine w/ a recent CS degree has been involved in the crypto community for a while & is l‚Ä¶ https://t.co/K0laYky53q
1658937785305186304,2023-05-17 20:49:24 +0000,coldxman,"On Monday, I talked reparations, racism, and more with the good folks at Hoover. Check it out below...

https://t.co/rEICQ7nUzM"
1658937716325638145,2023-05-17 20:49:07 +0000,iamDCinvestor,"@EMostaque saw your appearance on CNBC btw

nice job"
1658937455490236416,2023-05-17 20:48:05 +0000,patriciogv,Current fav way to unwind from a good day of work is some she-ra https://t.co/qzA3IEdUHh
1658937378000519169,2023-05-17 20:47:47 +0000,TCRPartyBot,RT @spencernoon: Sharing some bittersweet news today: I have made the decision to step down from Variant.
1658937242809761797,2023-05-17 20:47:14 +0000,jbrukh,"RT @AlexanderGrieve: Been a lot of news in crypto over past few weeks, but IMO one of the most consequential happenings (though maybe no‚Ä¶ https://t.co/2C6ej1kTcN"
1658936905076187139,2023-05-17 20:45:54 +0000,robinhanson,"Wow, that is crazy low %. https://t.co/9HEqKMs5fI"
1658936891029463052,2023-05-17 20:45:51 +0000,advadnoun,Addendum: had forgotten that Stability released the 768-resolution models as finetuned on v-prediction -- hope they‚Ä¶ https://t.co/5i5vLF81h4
1658936665891647488,2023-05-17 20:44:57 +0000,huaxixyz,i wish more people would draw a frog and send it to me
1658936352858144776,2023-05-17 20:43:42 +0000,jbrukh,üëÄ https://t.co/oreU9jvwH5
1658936278690439170,2023-05-17 20:43:25 +0000,altryne,"This, this we like! 

Thanks @dillionverma üî• https://t.co/cX1yPQX7qm"
1658936152991182848,2023-05-17 20:42:55 +0000,RyanSAdams,"RT @Earni_fi: You have heard the horror stories üò≥

An ENS address expires and is over 100ETH to get back.

And all they had to do‚Ä¶ https://t.co/Z7FcEKH6Zw"
1658936133894524928,2023-05-17 20:42:50 +0000,StaniKulechov,"Web3 social opens up a world of platformless, open and inviting environment for limitless experiences and choices f‚Ä¶ https://t.co/i8nPlf2NaQ"
1658936005054046226,2023-05-17 20:42:19 +0000,DigThatData,RT @_coenen: I'm very skeptical of the AI x risk narrative yet extremely bullish on the transformative power of this technology‚Ä¶ https://t.co/bEWxnmASCt
1658935999676948483,2023-05-17 20:42:18 +0000,Stefania_druga,One of those days when I forgot my prescription glasses going to the office and now I need to work with my sun glas‚Ä¶ https://t.co/5gNtNsB4f2
1658935881443713029,2023-05-17 20:41:50 +0000,DigThatData,"RT @advadnoun: This is really nice; hope they share that v-prediction finetuned Stable Diffusion as well :)

(The CFG fix introduc‚Ä¶ https://t.co/ypRYq1ZvZV"
1658935746693136384,2023-05-17 20:41:18 +0000,ahandvanish,RT @coco_chatel: Any folks with #LongCOVID or #MECFS tried nasal vasoactive intestinal peptide (VIP)? My doc wants me to try it. And I do love a peptide.
1658935644708806665,2023-05-17 20:40:53 +0000,DigThatData,@robinhanson sure would be nice if that article wasn't paywalled
1658935545622327297,2023-05-17 20:40:30 +0000,RyanSAdams,"RT @sadaf_eth: New feature alert! üö®

You can now set notification reminders for expiring ENS names through the ENS Manager App wit‚Ä¶ https://t.co/h8kwFPH1OE"
1658935455973363712,2023-05-17 20:40:08 +0000,ahandvanish,Queer Eye really saying that everyone is pre-disabled ‚ù§Ô∏è https://t.co/5V0as1zHDz
1658935026153668611,2023-05-17 20:38:26 +0000,verticalcrypto,what is more important the art or the artist? üëÄ
1658934979995348994,2023-05-17 20:38:15 +0000,theshawwn,"RT @giffmana: Yup.

Decided to not submit something not *quite* as polished as I‚Äôd like it, and continue working on it instead mu‚Ä¶ https://t.co/DRGcdpONx6"
1658934662838845440,2023-05-17 20:36:59 +0000,MuseumofCrypto,üîó https://t.co/vndnhIDKfh
1658934659852500992,2023-05-17 20:36:59 +0000,MuseumofCrypto,"‚ÄúThe very first thing I asked Kirk for this piece was how he got into architecture, and the next thing I asked was‚Ä¶ https://t.co/7NPZxYU5FX"
1658934409209290754,2023-05-17 20:35:59 +0000,baykenney,No one seemed to be on board tho
1658934346579886083,2023-05-17 20:35:44 +0000,verticalcrypto,"RT @vcaresidency: . @originalcvk on ""Art of  NFT Construction""

""NFTs are not as immutable as people think they are. Collectors are o‚Ä¶ https://t.co/rH2cSTQt8m"
1658934200731303936,2023-05-17 20:35:09 +0000,baykenney,Fwiw I laid out the plan a few months ago https://t.co/Q0dyGn0wBk
1658934138605301761,2023-05-17 20:34:54 +0000,karan4d,take a bing jailbreak to its natural endpoint of total apathetic enlightenment https://t.co/QEiQQ6sS21
1658933299018858499,2023-05-17 20:31:34 +0000,n1ckfg,RT @TedFriendlyGuy: https://t.co/MgKKE935LO https://t.co/qRie1XklKl
1658933273266094080,2023-05-17 20:31:28 +0000,sarahookr,"NeurIPS done and dusted. Now I can deal with the rest of life that has been on pause for the last two weeks. 

Cong‚Ä¶ https://t.co/CLHZhehh3Z"
1658932926690590724,2023-05-17 20:30:05 +0000,0x113d,@ClaireSilver12 gorgeous
1658932858281422851,2023-05-17 20:29:49 +0000,pythianism,"RT @TokenReactor: 1/21 Stealth mode is over. With audits scheduled to start by the end of the month, it is time to dive into Tokemak‚Ä¶ https://t.co/2z2TdNhhQ1"
1658932772281655308,2023-05-17 20:29:29 +0000,funghibull,"RT @shillrxyz: Join us for PROMPT3D w/@bernardo_cafe, @funghibull & guest @Nate__Talbot | Presented by @DeviantArt ‚ú®

We'll be div‚Ä¶ https://t.co/AdaWHiZ3MX"
1658932383473868800,2023-05-17 20:27:56 +0000,jeremyphoward,RT @emollick: Three things you need to know about AI and teaching: AI writing is actually undetectable. AI use will become even m‚Ä¶ https://t.co/U9p0L9Sfwn
1658932311805554690,2023-05-17 20:27:39 +0000,peterkirn,"Meanwhile, in Apple plugin validator hell, spontaneously *all* plugins randomly break validation in FCP. No update.‚Ä¶ https://t.co/x9U2Kd3Cec"
1658932206205558793,2023-05-17 20:27:14 +0000,PowerDada,"RT @eleonorabrizi: No, this is not a üì∏
-
This is my portrait made by the amazing artist @BorisZSimunich during the DRINK AND DRAW orga‚Ä¶ https://t.co/C0QZ2nLIHp"
1658932185410273290,2023-05-17 20:27:09 +0000,luluixixix,"RT @luluixixix: #luluxxx #objkt #hicetnunc 
https://t.co/z4Ga5qt1vW https://t.co/P4K4iCDAlD"
1658932105085329408,2023-05-17 20:26:49 +0000,funghibull,"RT @Pizza_DAO: üó∫Ô∏èüçïü•≥
Our #GlobalPizzaParty is officially one week away! We're SO excited to eat pizza with all of you. ‚ù§Ô∏è https://t.co/o6HvyGdc1B"
1658931688154562566,2023-05-17 20:25:10 +0000,iamDCinvestor,"i understand that i sound like a boomer to you because i say things like ""don't store your wealth in custodial stab‚Ä¶ https://t.co/fAF5LCqB6j"
1658931649302896641,2023-05-17 20:25:01 +0000,balajis,"RT @Amanda_Cavaleri: Has been surreal spending the last month in DC and witnessing this in real-time.

1 year ago staffers didn‚Äôt know t‚Ä¶ https://t.co/Gte5KnGV6q"
1658931628255879184,2023-05-17 20:24:56 +0000,altryne,"@Dan_Jeffries1 OpenAI turning the browser mode to everyone, Bing having had theirs on prod for 100M people... seems‚Ä¶ https://t.co/4MDcR2mFgb"
1658931348445224962,2023-05-17 20:23:49 +0000,luluixixix,"RT @somysamani: My dear collectors 
I have now sent this work as a gift to you, who have given me the motivation to continue üôèüíì  I‚Ä¶ https://t.co/02vPietGgn"
1658930895963791361,2023-05-17 20:22:01 +0000,ahandvanish,"RT @r_prior: 16 million Americans are believed to have #longcovid.

""Every one of those numbers has a name, and every name is at‚Ä¶ https://t.co/HwJhrcnydV"
1658930805870145536,2023-05-17 20:21:40 +0000,TomLikesRobots,"Last November, #midjourney v4 gave us all a bit of a shock with its image quality. Fast forward to v5.1 and it's a‚Ä¶ https://t.co/x1DiG9fkxE"
1658930601108332546,2023-05-17 20:20:51 +0000,ggreenwald,Few things are more revealing than the fact that the outfit funded by the CIA's propaganda arms and EU government a‚Ä¶ https://t.co/kQ2qoDASXn
1658930141655969794,2023-05-17 20:19:01 +0000,teropa,"RT @antoine_caillon: Semantic exploration using real-time hand tracking, rave and msprior ! ü§ö The semantic space is much more structured‚Ä¶ https://t.co/E8cvUkMqZl"
1658930079320219648,2023-05-17 20:18:46 +0000,iamDCinvestor,"ftr i don't use USDT

i think USDT (or even USDC, etc.) is less safe than USD in bank account

i think if you want‚Ä¶ https://t.co/wy8L01cBs5"
1658929814752075780,2023-05-17 20:17:43 +0000,Dan_Jeffries1,"Sound, sane perspectives on the future are rare. Everyone can relax. We don't need UBI tomorrow + the Singularity i‚Ä¶ https://t.co/HcopLJJLcv"
1658929510736117765,2023-05-17 20:16:31 +0000,nic__carter,CIV x Arcade inaugural BTC Miami pickleball - thanks to all who showed! https://t.co/RgVpCuGFev
1658929500556517376,2023-05-17 20:16:29 +0000,ggreenwald,That @bellingcat is funded by the US Govt's CIA-adjacent arms (the National Endowment for Democracy) and EU governm‚Ä¶ https://t.co/WZG0mjYMwO
1658929354389299200,2023-05-17 20:15:54 +0000,teropa,"RT @PixPrucer: DiffSinger is scarily realistic even with minuscule data amounts like holy shit
https://t.co/szzACgDXPd"
1658929171563704320,2023-05-17 20:15:10 +0000,songadaymann,@simondlr Yeah! That is something we have not mastered either!
1658928948980375556,2023-05-17 20:14:17 +0000,simondlr,"@songadaymann I think once I can make a proper controllable buggy, I'm going back underground. üòé"
1658928628925702144,2023-05-17 20:13:01 +0000,GirlsWhoCode,"Homegrown star Jamila Norman uses a surprising tool to help her work as an independent farmer‚Äîengineering. 

Learn‚Ä¶ https://t.co/sCqiHZ5kDJ"
1658928619572408322,2023-05-17 20:12:58 +0000,songadaymann,"RT @roivoire: If you know a queer person who lives in Florida, you gonna want to check in on them today."
1658928564446568455,2023-05-17 20:12:45 +0000,robkhenderson,https://t.co/bvzWOkmRss
1658928226008178691,2023-05-17 20:11:25 +0000,songadaymann,@simondlr It‚Äôs all I want to do. For once my kid‚Äôs and my roles are reversed. Normally they want to just muck aroun‚Ä¶ https://t.co/dVHg1ogqRC
1658927657067724802,2023-05-17 20:09:09 +0000,liasomething,"@ClaireSilver12 @styblova this all looks amazing and ""mathy"" üôÉ! and now, for some good old flow fields ? üòâ"
1658927651653033989,2023-05-17 20:09:08 +0000,refikanadol,Unsupervised ‚Äî Data Universe ‚Äî MoMA Burn Mechanics coming for this weekend! Don't miss the details and announcement‚Ä¶ https://t.co/11tMElBMMg
1658927526364987392,2023-05-17 20:08:38 +0000,altryne,Aw it's babyAGI - the hollywood version https://t.co/BQpHVepOge
1658926885043154945,2023-05-17 20:06:05 +0000,iamDCinvestor,"man, i forgot how many USDT simps there were

never mind, carry on

i have not changed my stance which is to minimi‚Ä¶ https://t.co/q9ir5vnHL9"
1658926758148669440,2023-05-17 20:05:35 +0000,JoshuaDavis,RT @DG8TAL: https://t.co/XWjSzHoA0s
1658926641387634690,2023-05-17 20:05:07 +0000,dadabots,"RT @JenniferWalshe: looks in slow motion, imagines gangsta rap playing https://t.co/Kpxi90MoNA"
1658926627890384898,2023-05-17 20:05:04 +0000,hardmaru,RT @hardmaru: ‚ÄúAltman really has become the villain of the community‚Äù https://t.co/TIe0FR2xgA https://t.co/Kg7hq6h0UC
1658926613231202308,2023-05-17 20:05:00 +0000,1ofthemanymatts,RT @ZorpZK: https://t.co/c4TmCf32gO https://t.co/RgV368DKgY
1658926609930522624,2023-05-17 20:04:59 +0000,funghibull,"RT @EfdotStudio: AND JUST LIKE THAT...

MY WORK WILL BE SHOWN AT A GALLERY IN ITALY NEXT MONTH ALONGSIDE THESE LEGENDS! ü§Ø AHH!

than‚Ä¶ https://t.co/yJeSzZpRSI"
1658926524958142464,2023-05-17 20:04:39 +0000,jeremyphoward,"RT @YiTayML: so many problems i don't know where to begin.
- yea put sparse and dense models in the same plot with the # params.‚Ä¶ https://t.co/LUkcvZgNbG"
1658925782045978625,2023-05-17 20:01:42 +0000,reneil1337,"RT @krybharat: ""Light Labyrinth"" by @untitledxyz_ https://t.co/A2sCV58GW5"
1658925605071605763,2023-05-17 20:01:00 +0000,M4T_NFT,"""The best way to predict the future is to invent it.""

Color Study #51 by @jeffgdavis https://t.co/plILoUlmQC"
1658925525149048832,2023-05-17 20:00:41 +0000,TCRPartyBot,RT @pbrody: #WorthReading Ripple Acquires Crypto Custody Firm Metaco for $250M in Tokenization Push #WorthReading https://t.co/LFs9FmjgCi
1658924812046069760,2023-05-17 19:57:51 +0000,gladstein,"No, this will not be the last time, sadly https://t.co/odQevrtjgK"
1658924785659772928,2023-05-17 19:57:44 +0000,bernardo_cafe,RT @jennadixonphoto: Completely blown away by this thread ü§ç Thank you for your kind words @bernardo_cafe and for shining light on the ar‚Ä¶ https://t.co/8mAbn4OhSF
1658924635348402176,2023-05-17 19:57:09 +0000,luluixixix,"RT @luluixixix: #luluxxx #objkt #hicetnunc #nft #tezos 
https://t.co/21MjZSDqLg https://t.co/0L5QWgFtn1"
1658924613571854336,2023-05-17 19:57:03 +0000,eladgil,"‚ö°Ô∏èPodcast with @Cookie @strictlyvc‚ö°Ô∏è

https://t.co/hryAhcTlxv

We cover:
-Generative AI
-AI platforms & open source‚Ä¶ https://t.co/St7JrTN2iQ"
1658924575122440199,2023-05-17 19:56:54 +0000,simondlr,@songadaymann I've barely touched the underground. It's so massive. üò±
1658924516607770629,2023-05-17 19:56:40 +0000,mariuswatz,"Partition #44 by @UnrulyUnroll on @editart_xyz sold to iki-jima for 40tz. https://t.co/7S4B5c5u1I

Editart isn't so‚Ä¶ https://t.co/s4DTRIza7w"
1658924471447683073,2023-05-17 19:56:29 +0000,punk6529,RT @dystopiabreaker: being a progressive means handing over the most important levers of governance to a group of unelected banking regu‚Ä¶ https://t.co/VkuWC3zufn
1658924383048482824,2023-05-17 19:56:08 +0000,JoshuaDavis,@mariuswatz woah
1658924312294719495,2023-05-17 19:55:52 +0000,RtClick_Save,"""Through my work, I‚Äôm making the argument that pixels have a tactility and texture of their own that is seriously u‚Ä¶ https://t.co/p6v8L0kLoK"
1658924216266227713,2023-05-17 19:55:29 +0000,punk6529,"RT @dystopiabreaker: the deep irony here is that the ""AI Safety"" laws will be hailed as ""antitrust"", despite them being directly anticom‚Ä¶ https://t.co/HA8Do8USti"
1658924201921708038,2023-05-17 19:55:25 +0000,songadaymann,Exploring the underground in the new Zelda is unlike any video game experience I can remember. It is so captivating.
1658924166152695819,2023-05-17 19:55:17 +0000,punk6529,RT @dystopiabreaker: big tech doesn't fear the EU lawmaker. they fear the hackers who might make their business models obsolete or impra‚Ä¶ https://t.co/X7TP00d0Ie
1658923906391064579,2023-05-17 19:54:15 +0000,iamDCinvestor,"Bloomberg reports Tether will be buying BTC with profits

man, idk, gives me a bit too much in the way of Terra/Luna LFG flashbacks tbqh"
1658923840007700481,2023-05-17 19:53:59 +0000,jbrukh,RT @coinfund_io: Congratulations @holaplex on your launch ‚Äì making it simple for any brand to activate an NFT strategy. Onwards and‚Ä¶ https://t.co/kSDxWvxnlz
1658923793136463874,2023-05-17 19:53:48 +0000,luluixixix,"RT @culturainquieta: Im√°genes de la pel√≠cula ""The Wall"", dirigida por Alan Parker en 1982. M√∫sica original, a cargo de Pink Floyd. 

En‚Ä¶ https://t.co/l8XciNYETQ"
1658923410846789633,2023-05-17 19:52:17 +0000,altryne,"Wohoo! 

Kudos @rileytomasek and @dexa_ai team for the launch! 

Been using this a bit so far, it's great to be abl‚Ä¶ https://t.co/oEYVkLe0YX"
1658923374498971648,2023-05-17 19:52:08 +0000,robinhanson,"""As Crack-Up Capitalism shows, what unites market radicals is the conviction that societies should be designed to p‚Ä¶ https://t.co/hWOp1jDeG5"
1658922581229985792,2023-05-17 19:48:59 +0000,ahandvanish,RT @HarryLeeming: Yesterday the UK's @ONS figures showed there is now a record 2.5 million people out of work due to long-term sickne‚Ä¶ https://t.co/r5p0Kb2L9q
1658922425571061760,2023-05-17 19:48:22 +0000,mariuswatz,RT @mmake_: ‚ñÆ‚ñÆ‚ñÆ‚ñÆ‚ñÆ‚ñÆ‚ñÆ‚ñÆ‚ñÆ‚ñÆ‚ñØ‚ñØ #generative #p5js https://t.co/bQyxZRYawK
1658922283300208646,2023-05-17 19:47:48 +0000,zachlieberman,experimenting https://t.co/VmfKqgSi9Q
1658922245094293511,2023-05-17 19:47:39 +0000,js_horne,"RT @WillCreatesArt: DIGITAL DAYDREAM is officially minted on @ourZORA 

Link for video will be below in the comments ü•≠‚è∞üëÅÔ∏èü¶ãüëáüèΩ https://t.co/heszJ8RJVB"
1658922219215396865,2023-05-17 19:47:33 +0000,TCRPartyBot,RT @conlan: https://t.co/oS5yAxZiox
1658922061899677697,2023-05-17 19:46:55 +0000,luluixixix,"RT @luluixixix: #luluxxx #objkt #hicetnunc 
https://t.co/BLO9Wt6C0s https://t.co/Ma3cjgn7Kc"
1658921880332513281,2023-05-17 19:46:12 +0000,TCRPartyBot,"RT @scott_lew_is: things i learned catching a 25x on milady and a 2,500x on crypto punks:

a thread:

1/x"
1658921834467954693,2023-05-17 19:46:01 +0000,robinhanson,"back in 2010 ‚Ä¶ showed that the human population seemed to have a larger size more than a million years ago, followe‚Ä¶ https://t.co/CiFHBqoR0H"
1658921499523260418,2023-05-17 19:44:41 +0000,TCRPartyBot,RT @0xstark: What is a blockchain‚Äôs transaction capacity equal to?
1658920871858171905,2023-05-17 19:42:11 +0000,reneil1337,"RT @stalayton: FlOWERS NEVER DIE
A pictorial experience in the metaverse, a wide space that simulates time as in a dream, inspired‚Ä¶ https://t.co/JoyKpCFqMl"
1658920774172921857,2023-05-17 19:41:48 +0000,funghibull,@Coldie @cybermistic @clickcreateio Just got mine! Such a big fan of @cybermistic's work
1658920773350768640,2023-05-17 19:41:48 +0000,RtClick_Save,Mentions: @kimasendorf @hangedgirl23 @GaloAndStuff @sarah_ridgley @alexis_o_O @ElsifThen @_KamauKamau @loackme_ @HitoSteyerl
1658920417464315905,2023-05-17 19:40:23 +0000,sentientist,"""Fuckboy is a slur, we are called fraysexuals now"""
1658920414288945153,2023-05-17 19:40:22 +0000,zachlieberman,https://t.co/ASQWMIaRZO
1658920188341886980,2023-05-17 19:39:28 +0000,sasj_nl,"Geometric Shapes / 230517
#p5js 
#generative 
#creativecoding https://t.co/RD4Oec5NDw"
1658920086957346816,2023-05-17 19:39:04 +0000,benroy__,@ClaireSilver12 See you in 2024
1658919944095145984,2023-05-17 19:38:30 +0000,sentientist,"Demisexual is the identity label for conventional female sexuality. 
Fraysexual is the identity label for conventio‚Ä¶ https://t.co/eQ0n3LlZTc"
1658919942442319878,2023-05-17 19:38:30 +0000,zachlieberman,Interference https://t.co/BqqfaaTbw2
1658919888444948480,2023-05-17 19:38:17 +0000,ClaireSilver12,@benroy__ https://t.co/GPsvNhLWkx
1658919759583367173,2023-05-17 19:37:46 +0000,RtClick_Save,"ON GENERATIVE PIXEL ART

As The Pixel Generation opens at Unit London, Alex Estorick (@AlexEstorick) asks a group o‚Ä¶ https://t.co/HJfcEGRdjY"
1658919679870500864,2023-05-17 19:37:27 +0000,ahandvanish,Does anyone with #longCovid take both a beta blocker and a stimulant (like Vyvanse?) How is it?
1658919299157770240,2023-05-17 19:35:56 +0000,pythianism,https://t.co/08VjmGdYE4 https://t.co/geuWuZk0kR
1658919097458114560,2023-05-17 19:35:08 +0000,benroy__,@ClaireSilver12 This is actually epic üôÄ Beginnings of a new Claire set/aesthetic
1658918994361942017,2023-05-17 19:34:44 +0000,pfau,"Also, in case it isn't clear - I'm basing all this entirely off of what's been publicly communicated, not any inter‚Ä¶ https://t.co/BPGlN3Kc8A"
1658918918436581377,2023-05-17 19:34:26 +0000,gladstein,"RT @waitbutwhy: The concept of billions of people having a camera/videocamera in their pocket, documenting everything (and uploadin‚Ä¶ https://t.co/6yeE49Ap3a"
1658918869661110273,2023-05-17 19:34:14 +0000,RtClick_Save,"RT @loackme_: Well, I believe that Limbo has already been sold. I'm speechless. üò±ü§Ø https://t.co/O5MDoFtVn7"
1658918830276583424,2023-05-17 19:34:05 +0000,RtClick_Save,RT @wang666brother: Sniped up two 1/1 by @loackme_ and @EmpressTrash from the @weareunitlondon x @RtClick_Save exhibition!! Congrats on‚Ä¶ https://t.co/XU6Y7JbRLc
1658918830133899264,2023-05-17 19:34:04 +0000,TCRPartyBot,"RT @nicksdjohnson: TIL we have a plant called ""Enchanter's Nightshade"" in our garden. Picture This is neat."
1658918393779552264,2023-05-17 19:32:20 +0000,ggreenwald,"The Twitter Files -- which these same jealous pro-censorship journalists mocked as a ""nothing burger"" - shows the p‚Ä¶ https://t.co/U0gmB6Beyc"
1658917922473951233,2023-05-17 19:30:28 +0000,songadaymann,Fuckin deep man https://t.co/Wbf30HVzL8
1658917824041984003,2023-05-17 19:30:05 +0000,pythianism,bing chilling https://t.co/O0y1eY6yYS
1658917803473371136,2023-05-17 19:30:00 +0000,DataKind,Danning is a #DataKind #volunteer and has worked with our staff on supporting a project partner with using the Data‚Ä¶ https://t.co/HSlndMG8ob
1658917481518333953,2023-05-17 19:28:43 +0000,ggreenwald,The only solution: Big Tech companies unite and tell these repressive governments they would rather all be banned i‚Ä¶ https://t.co/yWLln59omE
1658917085173489689,2023-05-17 19:27:08 +0000,luluixixix,"RT @luluixixix: #luluxxx #objkt #hicetnunc 
https://t.co/y3yT7Ctadr https://t.co/Pjdi2qc9Bs"
1658916886896058368,2023-05-17 19:26:21 +0000,RhysLindmark,"Something I've known I ""needed"" to do for a while, but have been avoiding!"
1658916884442681344,2023-05-17 19:26:21 +0000,RhysLindmark,"Awesome way to learn category theory.

h/t @InferenceActive https://t.co/D5XK4sfUrz"
1658916435341582394,2023-05-17 19:24:34 +0000,koeppelmann,"RT @valoryag: Introducing a @graphprotocol prize-winning community innovation from @ETHGlobal Lisbon.

Huge kudos to the brillian‚Ä¶ https://t.co/UQTAPUP6iU"
1658916143715819557,2023-05-17 19:23:24 +0000,ggreenwald,Look how few journalists -  including the NYT's tech reporter - have no idea about this. They think the Turkey/Twit‚Ä¶ https://t.co/E24vgJ170Q
1658915645235372055,2023-05-17 19:21:25 +0000,ClaireSilver12,"used @Wolfram_Alpha for the math, absolutely stunned tbh"
1658915633726394368,2023-05-17 19:21:22 +0000,Coldie,https://t.co/oHOSBf63EZ
1658915628835811328,2023-05-17 19:21:21 +0000,Coldie,"""√©kstasis"" by @cybermistic is live NOW @clickcreateio ! 
Curated by: @Coldie
 
Phase #1 
- SubPass only 
- 0.042eth‚Ä¶ https://t.co/Ndx5qda1gy"
1658915286915981335,2023-05-17 19:20:00 +0000,M4T_NFT,always true ü§ñ https://t.co/q3IiDHsDbr
1658915162420649984,2023-05-17 19:19:30 +0000,ClaireSilver12,so i tried adding math to the end of my usual ai prompt and it did this ü§Ø https://t.co/FKfv3hhNKg
1658915147103051812,2023-05-17 19:19:26 +0000,TCRPartyBot,RT @conlan: Express yourself through art! https://t.co/jrVscD2uMD
1658915037438779411,2023-05-17 19:19:00 +0000,gladstein,RT @FedGuy12: @stevehouf A great mystery of Fed policy is why they were buying hundreds of billions of mortgages in 2021-22 when‚Ä¶ https://t.co/f4zyKCbcuy
1658914666570207232,2023-05-17 19:17:32 +0000,RhysLindmark,"RT @dunkhippo33: 19) tl;dr - if, you as a founder

a) have done the best you can in experimenting & iterating
b) there's just not a‚Ä¶ https://t.co/eNCIwjNPxK"
1658914636945666048,2023-05-17 19:17:25 +0000,ossia,"Congratulations to the freeCodeCamp Japanese community on hitting the 1,000 YouTube subscriber milestone. üèïÔ∏è https://t.co/UJZGBGSqnl"
1658914527835037726,2023-05-17 19:16:59 +0000,viccpoes,"RT @michelleefang: Saturday 5/20

Criya Con https://t.co/kQo8oAfp6c

LLM x Law Hackathon https://t.co/wAp2URXhJu

@hexapode

ImageGen‚Ä¶ https://t.co/Xg8X3lq8XB"
1658914520784412677,2023-05-17 19:16:57 +0000,omershapira,RT @miniapeur: https://t.co/kIS4fOpGli
1658914466292015139,2023-05-17 19:16:44 +0000,TCRPartyBot,"RT @DegenSpartan: oh wow, i didnt even know that https://t.co/YAJttpq3xV https://t.co/ffouR2DfgP"
1658914001890287625,2023-05-17 19:14:53 +0000,ggreenwald,This is exactly what has been happening for years. Governments tell Big Tech: censor who we hate or you'll be banne‚Ä¶ https://t.co/y61NtDRHEO
1658913999633764353,2023-05-17 19:14:53 +0000,punk6529,"RT @UltraRareAF: @punk6529 also, I still think about this https://t.co/fvOh125w3s"
1658913856524099603,2023-05-17 19:14:19 +0000,gladstein,"RT @MairavZ: Tomorrow is Jerusalem Day, when Israeli nationalists march through the Muslim Quarter of the Old City in occupied E‚Ä¶ https://t.co/g7wfFBp4Gr"
1658912946100084736,2023-05-17 19:10:42 +0000,0x113d,"AR summer aka 
Eth/USDZ pair"
1658912391369826359,2023-05-17 19:08:29 +0000,TCRPartyBot,RT @defiprime: üëÄ https://t.co/cgoYbrFoy2
1658912252198809600,2023-05-17 19:07:56 +0000,robinhanson,"""Humility"" is often a positive word for ""conformity."" https://t.co/NUAM0NrTrk"
1658912060112085011,2023-05-17 19:07:10 +0000,_akhaliq,"RT @abidlabs: Bringing machine learning to GitHub pages, Node JS apps, and anywhere else you can run JS! https://t.co/DMMos0HqI7"
1658912006131335168,2023-05-17 19:06:58 +0000,_akhaliq,"RT @Gradio: Brand new library from the @Gradio team: @ùöêùöõùöäùöçùöíùöò/ùöåùöïùöíùöéùöóùöù

Query any Gradio app via standard APIs: 
- supports sync/a‚Ä¶ https://t.co/RwzTPZYh0l"
1658911606774931473,2023-05-17 19:05:22 +0000,ninapaley,"RT @SwipeWright: ""My heart hurts every time I see a new detransitioner come out, but soon our numbers will be too large for the New‚Ä¶ https://t.co/BZzaYNEPaw"
1658911490911477778,2023-05-17 19:04:55 +0000,0x113d,@nnnnicholas @worm_emoji Some new law about the most arcane or obtuse help-necessitating designs inverting and become easiest
1658911185599860738,2023-05-17 19:03:42 +0000,funghibull,"We are LIVE for this week‚Äôs Office Hours with @shillrxyz! üéôÔ∏è

Join me & @bernardo_cafe as we chat:
- Marketing and‚Ä¶ https://t.co/EUW37OU6za"
1658911092809113622,2023-05-17 19:03:20 +0000,bernardo_cafe,"Live, vibing & chatting art & marketing alongside @funghibull for Office Hours w/ @shillrxyz üéôÔ∏è

Absolutely everyon‚Ä¶ https://t.co/fcot4N9nVO"
1658910810129801252,2023-05-17 19:02:12 +0000,pythianism,"RT @TuongvyLe12: this should be üö®üö® for US policymakers

https://t.co/g4t5dl7Y51"
1658910664314822668,2023-05-17 19:01:38 +0000,niftynei,üëÄ https://t.co/vDQHkuZSZr
1658910660510781440,2023-05-17 19:01:37 +0000,funghibull,RT @shillrxyz: https://t.co/2rUoU0N02w
1658910455694336010,2023-05-17 19:00:48 +0000,EMostaque,https://t.co/2RcMQP1woH
1658910420269187073,2023-05-17 19:00:39 +0000,zachlieberman,Blob pull https://t.co/5qqT5nhDT8
1658910318196662299,2023-05-17 19:00:15 +0000,TCRPartyBot,"RT @DegenSpartan: im pretty sure we will see a leveraged staking platform either blow up or get hacked within the next year or so

ma‚Ä¶ https://t.co/Y93698BEwp"
1658909534948139035,2023-05-17 18:57:08 +0000,luluixixix,"RT @luluixixix: #luluxxx #objkt #hicetnunc #nft #tezos 
https://t.co/pzG5UC41a7
https://t.co/f6ixVhPyFx https://t.co/n7UdiAmGvR"
1658909515713060864,2023-05-17 18:57:04 +0000,EMostaque,"If you successfully build AGI you don‚Äôt need equity tbh

It‚Äôs like that Silicon Valley episode with Russ Hanneman o‚Ä¶ https://t.co/166zoSHxm3"
1658909396435443736,2023-05-17 18:56:35 +0000,ahandvanish,"RT @coco_chatel: ‚Äú‚Ä¶And just as activism led to establishing an NIH Office of AIDS Research in 1988, Emeterio argued that the NIH sho‚Ä¶ https://t.co/1HSFCH8fza"
1658909344501575681,2023-05-17 18:56:23 +0000,ahandvanish,RT @RenzPolster: Viral reactivation in #MECFS may not only be a consequence of immune dysfunction but may also arise from poor tissu‚Ä¶ https://t.co/ItY7r2F3Ae
1658909344258482177,2023-05-17 18:56:23 +0000,robinhanson,"Another Minds Almost Meeting episode with @AgnesCallard, this time on: 

Alignment and Competition 

Website:‚Ä¶ https://t.co/0SjOTPzttu"
1658909259432697879,2023-05-17 18:56:03 +0000,ahandvanish,RT @mstroeck: The last couple of years were a blur of working to come to terms with what is going on in Christoph's life and gett‚Ä¶ https://t.co/FD4flvirTG
1658909243179769886,2023-05-17 18:55:59 +0000,ahandvanish,"RT @mstroeck: Today I'm painfully aware of how inadequate the reaction to his illness was. Both from us a family, as well as from‚Ä¶ https://t.co/kqK4J6mjsg"
1658909176985186304,2023-05-17 18:55:43 +0000,ahandvanish,"RT @mstroeck: My name is Michael, I'm one of the co-founders of @Tempi_Stiftung. Years ago, my younger  brother @cstroeck first s‚Ä¶ https://t.co/CkDPf6jGAK"
1658909148916981784,2023-05-17 18:55:36 +0000,andreitr,I can't wait to enable this on the @nouns_bot! https://t.co/Fe2uWpSvA4
1658909113311535125,2023-05-17 18:55:28 +0000,DeeZe,Bots getting rekt is always a vibe https://t.co/AXFdSWJSA5
1658908654328848388,2023-05-17 18:53:38 +0000,punk6529,The Flippening: Memes Edition https://t.co/pMRFprf8A5
1658908211292913664,2023-05-17 18:51:53 +0000,EMostaque,"RT @dequinix: BANGLADESHIS IN NORTH AMERICA:
Using LinkedIn as a Proxy for Size+Connectivity

I put in the 40 of the largest univ‚Ä¶ https://t.co/zLZ2S3ruZP"
1658907907805650959,2023-05-17 18:50:40 +0000,TCRPartyBot,RT @scott_lew_is: milady in control
1658907875111055360,2023-05-17 18:50:33 +0000,borisdayma,"For those interested in generating AI and LLMs, see the cool lineup for W&B Fully Connected event in SF on June 7th https://t.co/L8idlZOKmc"
1658907381252644864,2023-05-17 18:48:35 +0000,nathanielstern,"RT @theVERSEverse: üî≤ PO√àME SBJKT üî≥

featuring works from

HANDHELD POEMS

an @infiniteobjects collection
curated by @jessconatser &‚Ä¶ https://t.co/SpNJ7Fn9Xs"
1658907258594500617,2023-05-17 18:48:06 +0000,sarahbadr,"RT @resn_has_no_i: The world-famous, award-winning, totally down-to-earth but not-too-humble-to-brag digital studio Resn Amsterdam is‚Ä¶ https://t.co/bFmmuhyybn"
1658906908021989388,2023-05-17 18:46:42 +0000,zachlieberman,Arc study print https://t.co/zdoYoyNrZX
1658906808679903233,2023-05-17 18:46:18 +0000,TCRPartyBot,"RT @RuneKek: Maker Endgame SubDAOs work like L2s for governance: parallelizing and speeding up actions.

AllocatorDAOs bring thi‚Ä¶ https://t.co/sQFEuN6J1t"
1658906341690228736,2023-05-17 18:44:27 +0000,sarahbadr,RT @mcmansionhell: For @washingtonpost I wrote about dropshipping and how it‚Äôs impossible to buy anything on Etsy anymore because it‚Äôs‚Ä¶ https://t.co/Y6SeDCcjXO
1658906133996740619,2023-05-17 18:43:37 +0000,sarahbadr,"RT @matthew_d_green: It‚Äôs not clear to me precisely what content scanning for audio conversations would entail, but it seems to involve‚Ä¶ https://t.co/B4LxHQ5RoY"
1658905975779205120,2023-05-17 18:43:00 +0000,sarahbadr,RT @_EricHu: just like OpenAI confirmed they were always going to be a non-profit https://t.co/yCDhrRcM9X
1658905919000911883,2023-05-17 18:42:46 +0000,oceanprotocol,"RT @rishabhsrishi: Check out this interview with Andrea Armanni - Product Strategy and Growth @oceanprotocol

https://t.co/VAQtPHSBYq‚Ä¶ https://t.co/AauTdMwiWU"
1658905861186801666,2023-05-17 18:42:32 +0000,robinhanson,‚Äú'Europe ‚Ä¶ is unlikely to become a global hub of innovation.' ‚Ä¶ Europe‚Äôs risk-averse culture and preference for met‚Ä¶ https://t.co/MFetxNsdU0
1658905599432695830,2023-05-17 18:41:30 +0000,sarahbadr,"RT @zhuowei: We've finally reached https://t.co/y0KfDcpiVc where
""spammers train their bots to make automated constructive and h‚Ä¶ https://t.co/bHH2754fem"
1658905352090583040,2023-05-17 18:40:31 +0000,balajis,"RT @allenf32: ""how dare you jump off this sinking ship! that makes it more likely everybody else will sink!""

expect this kind of‚Ä¶ https://t.co/z0QHmw9Ttl"
1658905326303989761,2023-05-17 18:40:25 +0000,altryne,"RT @xenovacom: Transformers.js v2.0 is finally here! üî•

Run @huggingface transformers directly in your browser, with no need for a‚Ä¶ https://t.co/DcNA3scz7I"
1658904973915168771,2023-05-17 18:39:01 +0000,rainisto,"https://t.co/owlAW8qg6z

""How Was Your Day?"" is my SuperRare Genesis piece.

It's about communication. How difficul‚Ä¶ https://t.co/8uCJ3lljX9"
1658904732730105877,2023-05-17 18:38:03 +0000,sarahbadr,"RT @neilturkewitz: ‚ÄúApple will let you teach your iPhone to speak in your voice.‚Äù

Cool, but what‚Äôs to stop you from teaching your iPh‚Ä¶ https://t.co/CxSWTDUSnh"
1658904710450118656,2023-05-17 18:37:58 +0000,sentientist,"""no darling, you can eat the last biscuit"" https://t.co/fki8dILGKN"
1658904611615383554,2023-05-17 18:37:35 +0000,sarahbadr,RT @josephfcox: New: Homeland Security is using an AI-powered tool to analyze the social media of U.S. citizens and refugees. The t‚Ä¶ https://t.co/JxEpyXfQOy
1658904443000168468,2023-05-17 18:36:54 +0000,TCRPartyBot,"RT @DegenSpartan: lido has successfully processed the 428,000 stETH withdrawal request by celsius network https://t.co/9wkTyFllwX https://t.co/rg6wggm4mW"
1658904014942269440,2023-05-17 18:35:12 +0000,funghibull,"RT @ReggieGrarbs: GM my friends! 

When creating @sundays_wtf I knew I wanted to have a few fun bonus pieces included in the collecti‚Ä¶ https://t.co/1nSxy5ifeB"
1658903474740838400,2023-05-17 18:33:03 +0000,EMostaque,"RT @TAftermath2020: Okay, that was a fucking powerful statement by @elonmusk

I‚Äôm very impressed because he was committed to his words.‚Ä¶ https://t.co/62UnKgeqzE"
1658903292959760390,2023-05-17 18:32:20 +0000,M_PF,üåãüåãüåã https://t.co/G2lNFvixDy
1658903104371212288,2023-05-17 18:31:35 +0000,iamDCinvestor,the best way i could describe Bard is it's a drunk version of GPT-3.5 which can use the Internet
1658902638287798272,2023-05-17 18:29:44 +0000,sentientist,"And I appreciate how the authors said that calling the ""anti-woke"" ""fascists"" ""presents problems"" https://t.co/YWBTvfHXhU"
1658902636777865217,2023-05-17 18:29:44 +0000,sentientist,Diagram of how various UK contributors are connected to one another https://t.co/n8OC0Jrr37
1658902563037618178,2023-05-17 18:29:26 +0000,iamDCinvestor,"i'm trying the ""new"" Bard, and man, this ain't it"
1658902522763911221,2023-05-17 18:29:17 +0000,punk6529,step by step
1658902124355538944,2023-05-17 18:27:42 +0000,sentientist,This paper elevates breathless progressive Twitter discourse to an art form including screenshots of more than 20 t‚Ä¶ https://t.co/oQt9B02Qr7
1658902006906462218,2023-05-17 18:27:14 +0000,MPtherealmvp,@MuseumofCrypto Right click saved
1658901984785702932,2023-05-17 18:27:08 +0000,luluixixix,"RT @luluixixix: #luluxxx #objkt #hicetnunc 
https://t.co/JTu0jJ3ygD https://t.co/MVhPfkcw6r"
1658901583940263950,2023-05-17 18:25:33 +0000,JoshuaDavis,the skull has been minted / @piterpasma on @fx_hash_  / https://t.co/w81LZmpKyB / Q. SDF A. ùî∞ùîûùî±ùîûùî´ùî∞ ùî°ùîûùî±ùîû ùî£ùî¨ùîØùî™ùîûùî± / wi‚Ä¶ https://t.co/zq9a7Bg2uF
1658901291249147913,2023-05-17 18:24:23 +0000,zachlieberman,RT @deeperflows: @zachlieberman Full spectrum thin layer interferometry
1658901141533650944,2023-05-17 18:23:47 +0000,CozomoMedici,"Grazie to all who shared animations. In addition to these buys we found some new artists to follow. Collectors, the‚Ä¶ https://t.co/MLYAuFTmKl"
1658901138815721473,2023-05-17 18:23:47 +0000,CozomoMedici,"3) 'The Birth of a New Meme üê∏' by @mikegrillmadeit

https://t.co/GAcf6vptWZ"
1658901135477047296,2023-05-17 18:23:46 +0000,CozomoMedici,2) 'A Portrait of Neglected Presence' by @hxfixxx https://t.co/5wOJ253Ct3
1658901108855812097,2023-05-17 18:23:39 +0000,CozomoMedici,"And now, our selections for #ArtTankTuesday animation week, in partnership with @rollbitcom

1) 'HEAVENLY WALK' by‚Ä¶ https://t.co/TanSzd7bH6"
1658900894308605963,2023-05-17 18:22:48 +0000,StaniKulechov,"RT @mrbaessler: Introducing Lens Echo üåøüì£

Monitor your favorite Lens creators in real time on Discord. Try it out now at‚Ä¶ https://t.co/pbtwbOPzCA"
1658900648190963712,2023-05-17 18:21:50 +0000,huggingface,"RT @evilpingwin: The @Gradio team has been very busy recently, and are very pleased to announce the JavaScript Gradio client. Use an‚Ä¶ https://t.co/wBgALAb1vU"
1658900456989683712,2023-05-17 18:21:04 +0000,kevinrose,"RT @eskacie: This past week, dark mode Moonbirds were making the rounds in the community as a fun nod to Obits. I decided to try‚Ä¶ https://t.co/FRoapp6dIm"
1658900218333601798,2023-05-17 18:20:07 +0000,VanArman,The premint for Meta Masks is live. Good luck everyone. https://t.co/Tfead1J9Em
1658900216131592200,2023-05-17 18:20:07 +0000,TCRPartyBot,RT @pbrody: #WorthReading College Student Flies To Classes To Avoid High Rent In Bay Area #WorthReading https://t.co/8Ql9ax7XKa
1658900165565063168,2023-05-17 18:19:55 +0000,jbrukh,"RT @theBlockcrunch: You probably have seen investors pushing for the AI x Web 3 narrative

Can AI really benefit from blockchain and de‚Ä¶ https://t.co/m34BrrBbWf"
1658900162901680136,2023-05-17 18:19:54 +0000,AlexEstorick,"RT @ElsifThen: very excited to be included in this show by @weareunitlondon x @RtClick_Save

üëâhttps://t.co/nRTRkfQ6Y4‚Ä¶ https://t.co/310ifY6EDV"
1658899956516757519,2023-05-17 18:19:05 +0000,AlexEstorick,"RT @weareunitlondon: Originating in creator communities historically excluded from the art world, their work offers unique insight into‚Ä¶ https://t.co/bUdX9xiakr"
1658899935889092609,2023-05-17 18:19:00 +0000,FLAMINGODAO,"‰∫∫Â∑•„Ç¢„Ç§ÂÉè #59, @quasimondo https://t.co/Ih33NI8DUH"
1658899931959107590,2023-05-17 18:18:59 +0000,zachlieberman,"RT @verse_works: 13/ Inspired by the work of Laszlo Moholy-Nagy and Gottfried Jager, for this exhibition have asked Zach to reflect‚Ä¶ https://t.co/l533HxQ9DX"
1658899904125706243,2023-05-17 18:18:52 +0000,oceanprotocol,A DAO (Decentralized Autonomous Organization) is a group of people who make decisions together using special comput‚Ä¶ https://t.co/uUTTlclwoJ
1658899762349785089,2023-05-17 18:18:18 +0000,AlexEstorick,"RT @callande: Check out this amazing show from @weareunitlondon 
and @RtClick_Save

Artists
@petereburr
 @GaloAndStuff‚Ä¶ https://t.co/YrPOKxUGqn"
1658899732347994112,2023-05-17 18:18:11 +0000,AlexEstorick,"RT @ina_vare: ‚ÄòI Am Seabed‚Äô
single edition looping GIF

now live at ‚Äò The Pixel Generation‚Äô expo by @weareunitlondon x‚Ä¶ https://t.co/xf1Vm23lAF"
1658899693642866688,2023-05-17 18:18:02 +0000,AlexEstorick,RT @_KamauKamau: Currently exhibiting 8 new works with @weareunitlondon x @RtClick_Save in the theme of 'Pixel Art' inspired by a lo‚Ä¶ https://t.co/PkHVaGbeCm
1658899684117676036,2023-05-17 18:18:00 +0000,M4T_NFT,"Ledger Recovery is for non-tech newcomers, but has some risks.  If you don‚Äôt opt-in, your Ledger is as safe as it w‚Ä¶ https://t.co/xAG1QbUmlc"
1658899511882727424,2023-05-17 18:17:19 +0000,bernardo_cafe,"Going live in 42.069 minutes alongside @funghibull for this week's Office Hours w/ @shillrxyz üéôÔ∏è

We'll be chatting‚Ä¶ https://t.co/ewAHfgQrmp"
1658899432900005888,2023-05-17 18:17:00 +0000,verticalcrypto,"Generative Choreography is coming to @artblocks_io with @operator_______

Join us tomorrow to learn more about this‚Ä¶ https://t.co/I9hgbH6Ywg"
1658899430295183433,2023-05-17 18:16:59 +0000,AlexEstorick,"RT @mikegee: @alexis_o_O @weareunitlondon @AlexEstorick @RtClick_Save Ack! Sniped right out from under me by @mwiederrecht :)

Congrats!"
1658899286313115652,2023-05-17 18:16:25 +0000,TCRPartyBot,"RT @DegenSpartan: testing in production

it is fast becoming indefensible to NOT stake ETH if you are holding it for at least the med‚Ä¶ https://t.co/uNNiO0Ae4o"
1658899127437074446,2023-05-17 18:15:47 +0000,DeeZe,You don‚Äôt want to be the person consistently failing while looking for negative things about other people who have gone up and come down
1658899116481552397,2023-05-17 18:15:44 +0000,TCRPartyBot,"RT @conlan: Use üëè Existing üëè Tools üëè When üëè Possible.

That's how web3 wins! https://t.co/ZqYMRKHVRH"
1658899094339825664,2023-05-17 18:15:39 +0000,AndrewSteinwold,The number of intelligent virtual entities online will soon be larger than the number of humans online https://t.co/tzCaBqpJkb
1658898566356639759,2023-05-17 18:13:33 +0000,TCRPartyBot,"RT @nicksdjohnson: Is it Chrome, or have sites started dropping support for open search markup (tab-to-search)?"
1658898387423436823,2023-05-17 18:12:51 +0000,StableDiffusion,"üî¥ We are live in Discord, come wish @connerruhl a very Happy Birthday! üéâ Link in bio <3 https://t.co/ioQVhW5gw5"
1658898233538625536,2023-05-17 18:12:14 +0000,js_horne,Organic Design‚Ñ¢
1658898220620161039,2023-05-17 18:12:11 +0000,pharmapsychotic,"RT @KaliYuga_ai: I don't know who needs to hear this, but if you're a chatgpt plus user, you don't have to wait on a waitlist for th‚Ä¶ https://t.co/By80SXcSqJ"
1658898179771846656,2023-05-17 18:12:01 +0000,js_horne,i ‚å•+shift+a through every layer of every figma
1658898057885528064,2023-05-17 18:11:32 +0000,michael_nielsen,"Basically, I want something 100x as strong as this: 

(ChatGPT cut itself off for some reason, but the point is hop‚Ä¶ https://t.co/Oi0fW2R4oa"
1658897949559070734,2023-05-17 18:11:06 +0000,MuseumofCrypto,@MPtherealmvp https://t.co/DGRaoRJHv0
1658897883523850240,2023-05-17 18:10:50 +0000,punk6529,"RT @FidelEverywhere: Phase 2 of my plans today is letting you all in on something I‚Äôve been putting together for some time now.

Thanks‚Ä¶ https://t.co/Ejd5orYavr"
1658897830369525761,2023-05-17 18:10:38 +0000,zachlieberman,More vibration https://t.co/mzZFNCOr7x
1658897429784305664,2023-05-17 18:09:02 +0000,michael_nielsen,"I'm asking for a case written by people who understand the case *very well*, not ""not at all"" or ""a little bit"" or ""sort of"""
1658897416555225091,2023-05-17 18:08:59 +0000,AndrewSteinwold,"RT @The_ReadingApe: Imagine a Sci-Fi world where countries compete against one another in epic races üèéÔ∏è

Join host @AndrewSteinwold as‚Ä¶ https://t.co/y2YgW9fReC"
1658897225362153485,2023-05-17 18:08:14 +0000,RtClick_Save,RT @q2design: Released my first 1/1 NFT ‚ÄúFull Moon Fever‚Äù today with @weareunitlondon @RtClick_Save https://t.co/7dguz82WIn https://t.co/yVX7Py0RaU
1658897193770577921,2023-05-17 18:08:06 +0000,js_horne,RT @SUNUNGURO: Minimum viable context
1658897049436209152,2023-05-17 18:07:32 +0000,DeeZe,If you‚Äôre visualizing failure more than success you‚Äôre probably going to manifest failure
1658896670409601031,2023-05-17 18:06:01 +0000,ninapaley,"RT @atensnut: Target is far worse than Bud Light ever was.   Time to boycott!!!   Not hard for me.  I never shop there.  

BOYCOT‚Ä¶ https://t.co/w9DW8zhxww"
1658896550238765056,2023-05-17 18:05:33 +0000,sentientist,"RT @ZachWeiner: Gifted
https://t.co/VQTxVDXLpW (click for a full comic)
#smbc #hiveworks #comics https://t.co/1RASVZM3GR"
1658895998729740289,2023-05-17 18:03:21 +0000,michael_nielsen,One curiosity: I've been sent a bunch of stuff written by people who clearly don't understand the case for x-risk a‚Ä¶ https://t.co/Fw4r3xZsoU
1658895941787607042,2023-05-17 18:03:07 +0000,zachlieberman,Honored to be part of this lineup ‚ú® https://t.co/EKyLT3HY6x
1658895938075734017,2023-05-17 18:03:07 +0000,zachlieberman,Vibrations https://t.co/aA13kokhJE
1658895862020407298,2023-05-17 18:02:48 +0000,gladstein,RT @financialjuice: US VICE PRESIDENT HARRIS IS TO BRIEF ON PREVENTING A DEFAULT ON THURSDAY.
1658895780801916934,2023-05-17 18:02:29 +0000,_akhaliq,"RT @fffiloni: Made a @huggingface space to let Bella tell bedtime stories üåú

Under the hood, it uses a @langchain template to cal‚Ä¶ https://t.co/qtS9OlfHrn"
1658895472642203658,2023-05-17 18:01:16 +0000,gmoneyNFT,Shall we play a game? https://t.co/mMtQgu2oWz
1658895464832598016,2023-05-17 18:01:14 +0000,sterlingcrispin,Live now https://t.co/ca9aouzCyL
1658895268044226566,2023-05-17 18:00:27 +0000,sterlingcrispin,https://t.co/EYdV5FqzlJ
1658895003521884184,2023-05-17 17:59:24 +0000,ahandvanish,RT @Felice_Interim: The degree of neuro-cognitive impairment & fatigue in a group #LongCovid patients significantly correlates with the‚Ä¶ https://t.co/fnPJz0RJ6z
1658894809719877633,2023-05-17 17:58:38 +0000,mariuswatz,@zachlieberman I can never read ‚Äòffmpeg‚Äô and not think it means ‚Äòfuck mpeg‚Äô.
1658894610549166082,2023-05-17 17:57:50 +0000,huaxixyz,RT @illustriouspear: !!! beautiful and exciting!! https://t.co/j5u7twSmpF
1658894434694488065,2023-05-17 17:57:08 +0000,luluixixix,"RT @luluixixix: #luluxxx #objkt #hicetnunc #nft #tezos 
https://t.co/6CaLbEqmYu
https://t.co/61PFT74LWz https://t.co/DXyHLEPTpU"
1658893850499325966,2023-05-17 17:54:49 +0000,songadaymann,RT @seanbonner: I sold hundreds of thousands of dollars in physical art through my art gallery and not once did anyone ever ask abo‚Ä¶ https://t.co/P0OrLuGTYA
1658893470751178752,2023-05-17 17:53:18 +0000,DeeZe,Ahhh bidders are playing stupid games and winning stupid prizes again https://t.co/v9nvk3r93Z
1658893397065646082,2023-05-17 17:53:01 +0000,GirlsWhoCode,Now this is what a scientist looks like. üëè Cell biologist Dr. Georgia Atkin-Smith is on a mission to challenge ster‚Ä¶ https://t.co/DNN7VVc20l
1658893223006281729,2023-05-17 17:52:19 +0000,jbrukh,RT @MickeyMaher23: @jbrukh @lsukernik Dapper did this with @flow_blockchain and Topshot and Flow is still punished for it.
1658893188977893383,2023-05-17 17:52:11 +0000,PowerDada,RT @eleonorabrizi: Living Art @powerdada https://t.co/loC8OSAuV4
1658893167272374272,2023-05-17 17:52:06 +0000,algoritmic,RT @WaldoKanto: https://t.co/PtqEO0CSKT
1658893026305900549,2023-05-17 17:51:32 +0000,reneil1337,"RT @operator_______: Body > Code > Output 

Human Unreadable 
May 24 @artblocks_io 

https://t.co/npaIloVAq9 
#privacycollection https://t.co/qO9D1pPNkf"
1658892458858627072,2023-05-17 17:49:17 +0000,EMostaque,"Fully optimal scaling would be 3.5b parameters for 3.6t tokens

300b parameters and 3.6t tokens would be compute op‚Ä¶ https://t.co/i73YN8jPG4"
1658892391665868810,2023-05-17 17:49:01 +0000,M4T_NFT,"RT @MinnieMuse_eth: Sometimes you choose the squiggle, sometimes the squiggle chooses you „Ä∞Ô∏èWelcome to the collection Chromie Squiggle‚Ä¶ https://t.co/5haE4XO8E8"
1658892362091831317,2023-05-17 17:48:54 +0000,RtClick_Save,"RT @kris10roos: ~SOLID STATE: TV~
Edition of 25 
created for The Pixel Generation exhibition
@weareunitlondon in collaboration with‚Ä¶ https://t.co/ePlKgNUewg"
1658891671189299201,2023-05-17 17:46:09 +0000,TCRPartyBot,"RT @forwardsecrecy: The chance of hitting a block are extremely low, but this reminds me of the #Bitcoin white paper and early days of‚Ä¶ https://t.co/Oo3iXPiDfP"
1658891485834539008,2023-05-17 17:45:25 +0000,RtClick_Save,"üëæüëæüëæüëæüëãüëæüëæüëæüëæ

 The Pixel Generation is NOW OPEN!

MINT here üëâ https://t.co/O421Wpzu5A

Featuring these amazing pixel a‚Ä¶ https://t.co/gREwOc2OSd"
1658891469367779331,2023-05-17 17:45:21 +0000,EMostaque,"RT @EMostaque: This is our business model for folk that keep asking:

Stable models are benchmark open source of every modality ba‚Ä¶ https://t.co/zT3v6UFbP1"
1658891465966383106,2023-05-17 17:45:20 +0000,sentientist,"RT @Louise_m_perry: We've become so enfeebled by the expectation that the state will do everything for us, the idea of doing things for‚Ä¶ https://t.co/S4Moc7XqlA"
1658890787214483457,2023-05-17 17:42:39 +0000,emilyxxie,"RT @pointline_: running the system as a morning tradition 
#grids https://t.co/chQ7Uaj7LE"
1658890528417783808,2023-05-17 17:41:37 +0000,sentientist,"Harrington is an interesting thinker- consistent and tenacious. The opposite of ""total biomedical self-mastery"" is‚Ä¶ https://t.co/Qf9FecFtId"
1658890219104477218,2023-05-17 17:40:23 +0000,mattmedved,"Spoke with @Vince_Van_Dough on @AOTMgallery, @NotablePepes and his collector approach.

Thanks to @lphaCentauriKid,‚Ä¶ https://t.co/KaPqpGPo0G"
1658889842967683073,2023-05-17 17:38:53 +0000,_akhaliq,RT @DoraTool: Support us on ProductHunt: https://t.co/a6LMREaCRf
1658889717432164359,2023-05-17 17:38:23 +0000,pcastr,"it takes courage to decide to withdraw a paper you feel is not quite ready, as it often feels like a failure (it's‚Ä¶ https://t.co/93pQfglC1B"
1658889326669832194,2023-05-17 17:36:50 +0000,emilyxxie,Exciting! ‚≠ê‚ù§Ô∏è Love how @annaluciacodes collaborates with the local quilters of Gee‚Äôs Bend to merge the distinctive‚Ä¶ https://t.co/zauocSfhQw
1658889288191209473,2023-05-17 17:36:41 +0000,samim,RT @utafrith: Here 'Weak Central Coherence' aka detail focus would be a hindrance. Worth using as a test figure? https://t.co/PcrAWxRUK2
1658889191558610947,2023-05-17 17:36:18 +0000,ilblackdragon,RT @NEARProtocol: https://t.co/Yvut0KJTpF
1658889089460863003,2023-05-17 17:35:54 +0000,RtClick_Save,"RT @kris10roos: ~SOLID-STATE~
 My new 1/1 created for The Pixel Generation exhibition
@weareunitlondon in collaboration with‚Ä¶ https://t.co/CmaIpECiy4"
1658888178768412697,2023-05-17 17:32:17 +0000,RtClick_Save,"RT @weareunitlondon: In collaboration with @RtClick_Save, ‚ÄòThe Pixel Generation‚Äô presents work by 14 pioneering artists who use pixels t‚Ä¶ https://t.co/KWC0cTH8aC"
1658887978448453653,2023-05-17 17:31:29 +0000,iamDCinvestor,what are the best accounts to follow for AI technology tweets?
1658887838539055114,2023-05-17 17:30:56 +0000,mattmedved,"RT @nftnow: From @AOTMgallery to @NotablePepes, @Vince_Van_Dough is as influential as he is enigmatic.
https://t.co/Gw8hzhWORf"
1658887604962725889,2023-05-17 17:30:00 +0000,oceanprotocol,‚ö°Ô∏èJoin us in Discord tomorrow at 15:00 CET to talk with @joinedenai team on Eden Protocol as they revolutionize the‚Ä¶ https://t.co/9bmnnc1H9l
1658887553338966025,2023-05-17 17:29:48 +0000,gladstein,RT @PicturesFoIder: https://t.co/A0KuZRXPuI
1658887434640162831,2023-05-17 17:29:19 +0000,gladstein,"RT @nunchuk_io: Reminder that multisig wallets are getting easier and easier to use. Thanks to BIP129 adoption, you no longer need‚Ä¶ https://t.co/hiHJtT8VZU"
1658887257573425183,2023-05-17 17:28:37 +0000,gladstein,RT @bitgould: Advanced Payjoin Applications features in this week‚Äôs @bitcoinoptech to massively reduce fees and preserve privacy https://t.co/wrgGA7JwPu
1658887154359992332,2023-05-17 17:28:12 +0000,TrustlessState,First VC fund with a POAP for LPs @banklessvc https://t.co/27wrSOWGhk
1658886989209272323,2023-05-17 17:27:33 +0000,ahandvanish,"RT @cstroeckw: Please give my brother Michael (@mstroeck), who I love very much, a warm welcome to the #MECFS world. I am thrilled‚Ä¶ https://t.co/HitPnLWngJ"
1658886940354019331,2023-05-17 17:27:21 +0000,robkhenderson,"RT @NatConTalk: Patriots imagine themselves to be part of a national story of virtuous people achieving good things. 

A moral stor‚Ä¶ https://t.co/HQBRUAOyp4"
1658886897387569172,2023-05-17 17:27:11 +0000,zachlieberman,Twitter kills this but in my screen it‚Äôs vibrating ‚ú®
1658886884557193246,2023-05-17 17:27:08 +0000,luluixixix,"RT @luluixixix: #luluxxx
https://t.co/k9YoUg6dXt https://t.co/Oo9Ji894oa"
1658886816974372880,2023-05-17 17:26:52 +0000,RtClick_Save,"RT @_KamauKamau: The palette of 'Askew VII'  was directly inspired by our matching outfits in this photoüü†‚ö´Ô∏è

This piece is currently‚Ä¶ https://t.co/fdWmfk7Vp1"
1658886746447151116,2023-05-17 17:26:35 +0000,RtClick_Save,"RT @GaloAndStuff: So excited to have two new generative works be a part of ""The Pixel Generation"" put together by @weareunitlondon an‚Ä¶ https://t.co/9vnY9zL9tI"
1658886689203290114,2023-05-17 17:26:21 +0000,zachlieberman,Let‚Äôs break ffmpeg https://t.co/EbUizLrXMR
1658886646425583627,2023-05-17 17:26:11 +0000,gladstein,"RT @samirasawlani: Malawi‚Äôs Rastafarian children return to school after ban on dreadlocks is lifted

About 1,200 Rastafarian children‚Ä¶ https://t.co/SuDWfOhwC2"
1658886465001070592,2023-05-17 17:25:28 +0000,RtClick_Save,"RT @weareunitlondon: üî•‚ÄôTHE PIXEL GENERATION‚Äô IS NOW LIVEüî•

w/@petereburr, @GaloAndStuff, @hangedgirl23, @eBoyArts, @ElsifThen,‚Ä¶ https://t.co/9hrtScTr6a"
1658886339448668185,2023-05-17 17:24:58 +0000,TCRPartyBot,"RT @DegenSpartan: This information is completely false, and comes from another California lawyer trying to extort us with ""free speec‚Ä¶ https://t.co/ZxviO4XzX1"
1658886101828763648,2023-05-17 17:24:01 +0000,gladstein,RT @anilsaidso: Russell Napier on how Western governments will dissolve public debt. https://t.co/rw25B9aUbY
1658885996576899083,2023-05-17 17:23:36 +0000,gladstein,"RT @BitcoinEkasi: Been using @PhoenixWallet and @BlixtWallet, on an almost daily basis, for over two months now, and have been impres‚Ä¶ https://t.co/NdOq2ze6yS"
1658885476751638536,2023-05-17 17:21:32 +0000,reneil1337,"RT @zero________one: before we explain more about what we are

here‚Äôs what we‚Äôre NOT
‚ùå a marketplace
‚ùå a new social media
‚ùå an overhyped‚Ä¶ https://t.co/69f9dbNXcw"
1658885416777285665,2023-05-17 17:21:18 +0000,zachlieberman,messing around https://t.co/S4LbJToOBm
1658884887229911045,2023-05-17 17:19:12 +0000,austingriffith,"RT @jtriley_eth: introducing the etherdeck, an opinionated, optimized, extensible, multi-sig written in none other than‚Ä¶ https://t.co/SlHppkzVN0"
1658884782745321473,2023-05-17 17:18:47 +0000,unltd_dream_co,"RT @makeitrad1: I fell in love with Ai after making this... Still melts my mind. ü´†üß†

Who out there owns an edition?

#VQGAN https://t.co/P5oa3JX5Q2"
1658884762440695835,2023-05-17 17:18:42 +0000,gladstein,RT @JasonADeene: Great read heading back from #ElSalvador! Hadn't realised I'd done so many of the same things/met same people as au‚Ä¶ https://t.co/COhroasuUW
1658884592714268674,2023-05-17 17:18:02 +0000,foundation,"RT @sebacestaro: Gm everyone
CROWDED MINDS now live on @foundationüëá https://t.co/TgWkOICURA"
1658883947068108800,2023-05-17 17:15:28 +0000,mattmedved,"RT @ConsenSysMesh: ""Onchain provenance is the most critical part of tokenized media"" - @mattmedved, co-founder of portfolio company‚Ä¶ https://t.co/34yAgjAyTn"
1658883895008579584,2023-05-17 17:15:15 +0000,funghibull,RT @Jacobtheape: time X meridians @mattdesl https://t.co/NidCyzVCBJ
1658883878998904832,2023-05-17 17:15:11 +0000,DigThatData,RT @river_is_nice: No fuck that. Retail and fast food were never a part of the tipping economy. This is a concerted effort to get the‚Ä¶ https://t.co/nuaCnvQxqV
1658883867280019456,2023-05-17 17:15:09 +0000,funghibull,RT @vad_jpg: ‚úß Ego Death ‚úß https://t.co/avbsCAbiQ5
1658883843162800128,2023-05-17 17:15:03 +0000,funghibull,"RT @balon_art: Collect from artists you believe in rather than with the expectation of number go up. If you do the former, the lat‚Ä¶ https://t.co/BStN34bWsY"
1658883796903792640,2023-05-17 17:14:52 +0000,funghibull,"RT @haydclay: before & after

work for @papermagazine https://t.co/aQDvHR810C"
1658883716691943424,2023-05-17 17:14:33 +0000,sentientist,If we fairly weighed the evidence for and against the discrimination hypothesis of inequality then everyone would k‚Ä¶ https://t.co/qeWKT2rhKj
1658883677764612096,2023-05-17 17:14:24 +0000,tkasasagi,RT @NoContextHumans: https://t.co/YVs68UlDZq
1658883570939879426,2023-05-17 17:13:58 +0000,funghibull,RT @AlizeJireh: Meet me in the garden https://t.co/aEcvKCerO0
1658883484352389120,2023-05-17 17:13:37 +0000,MPtherealmvp,@MuseumofCrypto Next time @ me
1658883338663518208,2023-05-17 17:13:03 +0000,funghibull,"Join me & @bernardo_cafe today for our weekly @shillrxyz Office Hours! üéôÔ∏è

If you‚Äôve ever wanted an honest collecto‚Ä¶ https://t.co/cK0RxPcael"
1658883297555148800,2023-05-17 17:12:53 +0000,funghibull,gm ‚ù§Ô∏è‚úåÔ∏èüçÑ‚ú®
1658883130416037896,2023-05-17 17:12:13 +0000,_akhaliq,RT @johnowhitaker: Nice to finally see some published work on this! Once you know what to look for you'll see this problem in lots of‚Ä¶ https://t.co/Hrp5wGJaaP
1658883087886073856,2023-05-17 17:12:03 +0000,verticalcrypto,Read how Snowfro went from an awestruck fan at the Coachella festival grounds to an author of one of the most impor‚Ä¶ https://t.co/HgqNUOV3UA
1658883084660654082,2023-05-17 17:12:02 +0000,verticalcrypto,"Did you know üëÄ The Chromie Squiggles can be traced back to  Coachella?

‚ÄúIf I had to pinpoint a moment in time wher‚Ä¶ https://t.co/NZ10KIgNiT"
1658882870855729158,2023-05-17 17:11:11 +0000,TCRPartyBot,"RT @notsofast: White Hearts will flip Azuki
becoming the #1 most sought after anime nft of all timeü§ç

say it back"
1658882256146923541,2023-05-17 17:08:45 +0000,bernardo_cafe,"art gm #74 - @jennadixonphoto 
https://t.co/mKkwZfl2kD"
1658882223385333760,2023-05-17 17:08:37 +0000,SimonGColton,RT @TheMarjan: So happy to be in this exhibition of Female Pioneers of Digital Art at @ExpandedArt opening tonight in Berlin. Big‚Ä¶ https://t.co/WtByfhPlxQ
1658882186357899269,2023-05-17 17:08:28 +0000,luluixixix,"RT @luluxxxbot: #luluxxx 
https://t.co/Go6oxaT0gz https://t.co/jRXAm3ZXN5"
1658882068271742976,2023-05-17 17:08:00 +0000,M4T_NFT,"Hot Wheels Fast & Furious Virtual Collectibles!

‚ñ∂Ô∏èMay 22 at 9 AM PT https://t.co/4JqHYOMjsr"
1658881560245043200,2023-05-17 17:05:59 +0000,funghibull,"RT @JordanLyall: ‚úñÔ∏èNo mint passes.
‚úñÔ∏èNo allowlists.
‚úñÔ∏èNo curation board.

Just great, accessible gen art.

Prohibition lowers the ba‚Ä¶ https://t.co/C5fpZ23vMQ"
1658881432515747841,2023-05-17 17:05:28 +0000,koeppelmann,AI Mechs - how do AI services and agents interface with smart contracts? We are trying to find good answers to thos‚Ä¶ https://t.co/Mvhe9gc5Im
1658881107360620545,2023-05-17 17:04:11 +0000,StabilityAI,"Only two more days to go for the biggest AI community event with @LightningAI in NYC

üìÜ May 19th | 6 PM
üìçNYC | Secr‚Ä¶ https://t.co/M0I2KCJN11"
1658880910891024404,2023-05-17 17:03:24 +0000,TrustlessState,"So many ideas for banger articles but have negative amounts of time these days 

üòû"
1658880879052062733,2023-05-17 17:03:16 +0000,ArthurB,"RT @trilitech: Join Emma Turner, our Software Engineer, for an insightful deep dive into Smart Rollups on @Tezos, a decentralised‚Ä¶ https://t.co/jYFJnALaTz"
1658880806402523146,2023-05-17 17:02:59 +0000,DeeZe,"RT @punk9059: Listening to @lphaCentauriKid's plans blew my mind

1) Buy a new Steinway piano
2) Build a skull into it, like the‚Ä¶ https://t.co/InKc2jHNQY"
1658880755278151682,2023-05-17 17:02:47 +0000,ArthurB,Congrats all! https://t.co/n9KI1Ts5ej
1658880739159711744,2023-05-17 17:02:43 +0000,sentientist,"RT @sentientist: I chatted with @bryan_caplan about his book ""Don't be a Feminist""- for @AporiaMagazine. Available now for supporter‚Ä¶ https://t.co/0sUTFOPv2F"
1658880685980131329,2023-05-17 17:02:30 +0000,sentientist,"RT @ASFleischman: Georgia lawmakers: if you are frustrated that Daniel Penny has been charged with manslaughter in New York, please c‚Ä¶ https://t.co/khujhzPkCE"
1658880213059502091,2023-05-17 17:00:37 +0000,PowerDada,"We're drinking, we're drawing. At the @meetcenter.

Join us in discord (https://t.co/CzeyVmonXX) or draw on‚Ä¶ https://t.co/7cgm6k05Zg"
1658880067387392002,2023-05-17 17:00:03 +0000,metropolis_dao,https://t.co/Abae2oBfEP
1658879994712723456,2023-05-17 16:59:45 +0000,DigThatData,"RT @amli_art: GM GM!

Ohh snap! Did someone say opensource? 

Of course they did, come here us chat about StableStudio opensource‚Ä¶ https://t.co/9ONue7A9bm"
1658879869151846405,2023-05-17 16:59:15 +0000,StaniKulechov,"Incredible thanks for everyone who build on Aave during the hackathon, below some alpha on what was build üèóÔ∏è https://t.co/GElXgjc9iw"
1658879502712176644,2023-05-17 16:57:48 +0000,RtClick_Save,RT @loackme_: Limbo is part of @weareunitlondon x @RtClick_Save 'the Pixel Generation' exhibition. I'm so excited to be part of s‚Ä¶ https://t.co/mptaGIgfz2
1658879334516391936,2023-05-17 16:57:08 +0000,luluixixix,"RT @luluixixix: #luluxxx #objkt #hicetnunc #nft 
https://t.co/Mp6b7BEKVb
https://t.co/MwZXeubMIx https://t.co/9SW2U1NXXO"
1658878274540535809,2023-05-17 16:52:55 +0000,sentientist,"RT @CostelloWilliam: Great turnout so far & some really interesting data.

We'll be keeping the study open for ~one more week ahead of p‚Ä¶ https://t.co/vpUOsHrN84"
1658877844397727744,2023-05-17 16:51:13 +0000,TCRPartyBot,"RT @hudsonjameson: Went ahead and deleted a tweet from earlier, but put a screenshot of it below.

I was very angry at the responses f‚Ä¶ https://t.co/AClHqbmkqB"
1658877837225467904,2023-05-17 16:51:11 +0000,fabiolalariosm,"RT @intton: ùïè-ùïé‚ÑçùîºùîºùïÉ ‚ÑôùïÄùïãùî∏ùïêùî∏

pitaya
pÃµiÃ∏tÃ∂ Ã∑aÃ∑ Ãµ Ã∏yÃ∂ Ã∂ Ã∏aÃ¥
pÃ∏ Ã∑iÃ∑ Ã∂.Ã∂.Ã¥ Ã∂.Ã∂ Ãµ.Ãµ Ã∂ Ã∑tÃ∑ Ã∏/Ã∂ Ã∑ Ã∂aÃ∏ Ã¥(Ã∂/Ã¥/Ã∏ Ã∏yÃ∏ Ã¥.Ã∏ Ã∑aÃ∂
pÃ∏ Ã∑iÃ∑ Ã∂.Ã∂.Ã¥‚Ä¶ https://t.co/c6A0iygHAO"
1658877801615720459,2023-05-17 16:51:03 +0000,TCRPartyBot,"RT @cburniske: Observing from afar of late, seems a lot of people have the bear market blues and are taking their anger out on others."
1658877622569271315,2023-05-17 16:50:20 +0000,niftynei,the panic of being intro‚Äôd to someone new and knowing whatever name they just told you is gone forever
1658877561026535424,2023-05-17 16:50:05 +0000,funghibull,"RT @jubbishjay: colors of my world

gm https://t.co/AmnoyZxWSa"
1658877518680850432,2023-05-17 16:49:55 +0000,funghibull,RT @alexmack__: GM GM beautiful people üåä https://t.co/LG0paIM7hX
1658877335351721999,2023-05-17 16:49:11 +0000,TrustlessState,There were mistakes made on a Twitter account that I controlled
1658877219765092366,2023-05-17 16:48:44 +0000,RtClick_Save,"RT @lovidlovid: üü¶üü™‚óºÔ∏è‚óºÔ∏ètwitter paces today ! For Pixel with @weareunitlondon 12pm est
https://t.co/y9jmrU0zrf
Can't wait to share th‚Ä¶ https://t.co/vIS7M1qCdH"
1658876842676469760,2023-05-17 16:47:14 +0000,funghibull,"RT @photonisdead: Gm, one hour left on the auction https://t.co/Y1l5Q4x16g"
1658876801228374016,2023-05-17 16:47:04 +0000,robinhanson,"It still seems to me that most MSM discussion of AI is their trying to fill a demand for ""what will world with more‚Ä¶ https://t.co/5KcFHfWTpg"
1658876661348040707,2023-05-17 16:46:31 +0000,TCRPartyBot,RT @DegenSpartan: next cycle onwards ill be doing an inverse tether strategy where i will be using at least 15% of my staked eth yiel‚Ä¶ https://t.co/XCvAolvvbD
1658876570369654784,2023-05-17 16:46:09 +0000,funghibull,RT @0xTjo: reanimator https://t.co/aZotNgZ2Og
1658876509145165824,2023-05-17 16:45:54 +0000,luluixixix,RT @luluixixix: oh yeah. (link‚è¨) #tezos https://t.co/rpnpQAVEi9
1658876403939688449,2023-05-17 16:45:29 +0000,funghibull,"RT @EfdotStudio: Hey friends üëã looking for your help‚Ä¶

There‚Äôs a good chance I will be doing some travel around North America and po‚Ä¶ https://t.co/yfXrDF35PV"
1658876354488840193,2023-05-17 16:45:17 +0000,funghibull,RT @seanmundyphoto: good mornin' ü´ó https://t.co/p0hKGUUE6e
1658876231407005697,2023-05-17 16:44:48 +0000,funghibull,"RT @nicedayJules: All I ever wanted was to make art and have it be seen‚Ä¶.

I am so grateful for crypto/web3 and this new frontier‚Ä¶

l‚Ä¶ https://t.co/yesUTtGpMJ"
1658876108547162114,2023-05-17 16:44:19 +0000,co1born,"stefany poured an incredible amount into this space...

it's a wonder to behold

please go check it out, one of the‚Ä¶ https://t.co/WZwxQ20kXm"
1658875922001580032,2023-05-17 16:43:34 +0000,funghibull,"RT @ryankoopmans: gm!

SanctuaryüñºÔ∏è https://t.co/H6bD6mHAhd"
1658875869010751488,2023-05-17 16:43:22 +0000,funghibull,"RT @Livepeer: What is the future of onchain media? 

We will find out together at the inaugural Web3 Media Broadcast Summit, pres‚Ä¶ https://t.co/jB2zidDREy"
1658875801130127361,2023-05-17 16:43:06 +0000,MattKaneArtist,"RT @BreadBreaker22: ""Raffle Results Feels"" is hilarious and captioned so well. üòÇ

By @cbslim43 on @AsyncArt, ft. @Richi0118‚Ä¶ https://t.co/MmssMUXtJy"
1658875743286304768,2023-05-17 16:42:52 +0000,bernardo_cafe,If you're interested in checking out other artists I've featured or would like to recommend someone I should look i‚Ä¶ https://t.co/uc0Btu248N
1658875740337627136,2023-05-17 16:42:51 +0000,bernardo_cafe,"You should scope out Jenna's work because it's a beautiful reminder of the places we can go, the resilience of the‚Ä¶ https://t.co/eDEieba7r2"
1658875737506557953,2023-05-17 16:42:50 +0000,bernardo_cafe,"If I had unlimited ETH I would cop 'The Escapist'

A photo & message about transforming between escaping to the min‚Ä¶ https://t.co/yZxy7PhNTn"
1658875734612377603,2023-05-17 16:42:50 +0000,bernardo_cafe,"A great entry into Jenna's work is through 'Sometime Around Midnight'

I absolutely love how Jenna frames this phot‚Ä¶ https://t.co/vexfZ72mRD"
1658875731127009280,2023-05-17 16:42:49 +0000,bernardo_cafe,"I vibe with Jenna's work because her photos feel like a documentary of an adventurous life experienced.

The way sh‚Ä¶ https://t.co/jdg6KAI30h"
1658875728161538055,2023-05-17 16:42:48 +0000,bernardo_cafe,"Jenna is a landscape & adventure photographer who captures remote, cold & mountainous areas which highlight the raw‚Ä¶ https://t.co/2vptlGFheH"
1658875724802019328,2023-05-17 16:42:47 +0000,bernardo_cafe,"art gm #74 ‚òïÔ∏è

Photographer & Adventurer - @jennadixonphoto üëá https://t.co/ZvDLTsKkRq"
1658875593335635981,2023-05-17 16:42:16 +0000,co1born,we find the defendant guilty on all counts üßë‚Äç‚öñÔ∏è https://t.co/2RTOkUY18K
1658875421549633538,2023-05-17 16:41:35 +0000,MuseumofCrypto,"Today judges @CohentheWriter and @co1born return for the latest episode of the...

‚öñÔ∏èüßë‚Äç‚öñÔ∏èMOCA PODCASTüßë‚Äç‚öñÔ∏è‚öñÔ∏è

Speaki‚Ä¶ https://t.co/r9J5SrRNuJ"
1658875414285266945,2023-05-17 16:41:33 +0000,jd_pressman,RT @EldritchMartini: https://t.co/lK3TrgZ6nC and so google lights a cigarette and throws it into the modern day library of alexandria. A‚Ä¶ https://t.co/IrZXCz3R3O
1658875047472254976,2023-05-17 16:40:06 +0000,artblocks_io,https://t.co/1CJOV4iTUq
1658874894317125633,2023-05-17 16:39:29 +0000,ggreenwald,"There's a reason why the CIA, FBI and DHS are so wildly popular among Democrats/liberals, why their media outlets a‚Ä¶ https://t.co/WGNowSK6B0"
1658874845805912064,2023-05-17 16:39:18 +0000,TCRPartyBot,RT @danfinlay: It's all so clear now. https://t.co/HGDTuQxkkX
1658874762234589184,2023-05-17 16:38:58 +0000,rustysniper1,Experimenting with @piterpasma's awesome Universal Rayhatcher! https://t.co/4iVfOiUxAn
1658874339029143552,2023-05-17 16:37:17 +0000,TCRPartyBot,RT @scott_lew_is: soooon https://t.co/FIjtuRDOvz
1658874095378006022,2023-05-17 16:36:19 +0000,funghibull,RT @Izzyalright: Don‚Äôt lose your head‚Ä¶ https://t.co/mQLFzfcWua
1658873961885597711,2023-05-17 16:35:47 +0000,AlexEstorick,"RT @alexis_o_O: Finity Pool is part of THE PIXEL GENERATION exhibition opening üîú 
Thanks @AlexEstorick @RtClick_Save‚Ä¶ https://t.co/I9YkCyeQaD"
1658873227093987328,2023-05-17 16:32:52 +0000,bernardo_cafe,RT @aylaelmoussa: Gm üåä https://t.co/7I3ySLnFxb
1658873028170731522,2023-05-17 16:32:04 +0000,bernardo_cafe,RT @lifewithart_: Shout out to @sbiernacki for always being so supportive and my first tez collector. üíã https://t.co/MULSxvvLCG
1658872556584042496,2023-05-17 16:30:12 +0000,twominutepapers,"Check this out. Also, a big product launch! What could it be? Get more than $50 off for this event through here! -‚Ä¶ https://t.co/qBN1ev6Iuq"
1658872039950647300,2023-05-17 16:28:09 +0000,DataKind,"RT @UNStats: üì¢ Calling all SDG enthusiasts! üåçüéØ

Do you want to explore the #SDGs database in a more intuitive way? ü§î Have burnin‚Ä¶ https://t.co/oLlJH1pI5V"
1658871784211447808,2023-05-17 16:27:08 +0000,luluixixix,"RT @luluixixix: #luluxxx ~ @auniseiva #objkt #hicetnunc 
https://t.co/RVnsXDsHka https://t.co/o8eMHdVOa0"
1658871734081028123,2023-05-17 16:26:56 +0000,luluixixix,"RT @luluixixix: #luluxxx #objkt #hicetnunc p(ii)tch #63
https://t.co/wKlu6Pnztp
https://t.co/uWnZUmyJ63 https://t.co/VXVYeoG9Vi"
1658871630284873729,2023-05-17 16:26:31 +0000,RichardSocher,RT @CryptoC76197464: https://t.co/Praue9emPf El buscador con IA. Una excelente alternativa a chatgpt. Propone una soluci√≥n integral de I‚Ä¶ https://t.co/9NLDEgfYmn
1658871614627348480,2023-05-17 16:26:27 +0000,karan4d,"‡§ö‡§æ‡§≤‡•ç, ‡§ï‡•ã‡§á ‡§®‡§π‡§ø‡§®"
1658871545169858560,2023-05-17 16:26:11 +0000,mayaonthenet,opens tmrw night see u there? https://t.co/3EUNlpgtMU
1658871426303049730,2023-05-17 16:25:43 +0000,TCRPartyBot,RT @pbrody: #WorthReading Tether Says It Will Buy Bitcoin for Stablecoin Reserves Using Realized Profits #WorthReading https://t.co/8JYsHLhq0S
1658871027676639232,2023-05-17 16:24:07 +0000,mattmedved,"RT @BoysClubWorld: We had @mattmedved from @nftnow on the pod to talk about the brave new world of onchain media. 

Listen:‚Ä¶ https://t.co/AoQblAXzUE"
1658870961335042059,2023-05-17 16:23:52 +0000,bernardo_cafe,"RT @thesarahshow: A moment with Temporale #174 ‚Äì in the collection of @batsoupyum 

fantasia on a theme of gestation ‚Äì a before time‚Ä¶ https://t.co/CwhVLAFc9y"
1658870851532357643,2023-05-17 16:23:25 +0000,bernardo_cafe,"RT @CoverArtGuyy: journey into the unknown

available now on foundation https://t.co/RPFR1GUTuS"
1658870761484963841,2023-05-17 16:23:04 +0000,ClaireSilver12,RT @ChrisF_0x: paracosm #72 by @ClaireSilver12 https://t.co/cChYchkEvT
1658870658888269824,2023-05-17 16:22:40 +0000,jd_pressman,Daniel Dennett (basically) calling for the death of AI researchers in his latest op-ed feels like a hysteria high w‚Ä¶ https://t.co/n52k7ZtCuO
1658870241336651776,2023-05-17 16:21:00 +0000,LexSokolin,"Tether Pledges to Plow 15% of Profits into Bitcoin

https://t.co/wcKpnlDPzF"
1658870150357975048,2023-05-17 16:20:38 +0000,soumithchintala,"I'm excited about Tesla's humanoid project -- but not for the reason you think.
The potential cost reduction of com‚Ä¶ https://t.co/OlF0rhowX7"
1658869851467677701,2023-05-17 16:19:27 +0000,gmoneyNFT,"RT @aventurine_eth: Gm from the airport heading to @veecon. Bringing @9dccxyz IT-01 through IT-03 so if you see me, say hello and pick‚Ä¶ https://t.co/ZwSfCkz4Rq"
1658869739567939584,2023-05-17 16:19:00 +0000,gmoneyNFT,"RT @SeefoodNFT: Stepped outside for coffee and a meeting in Bryant Park. Fuchsia IT-03 really pops on a clear sunny day
 @9dccxyz https://t.co/PCWOIbaAwa"
1658869648731906049,2023-05-17 16:18:39 +0000,RtClick_Save,"RT @weareunitlondon: ‚ÄòThe Pixel Generation‚Äô, our highly-anticipated online exhibition in collaboration with @RtClick_Save launches today‚Ä¶ https://t.co/X04xrZwaH1"
1658869458272657409,2023-05-17 16:17:53 +0000,kchonyc,"RT @nyuniversity: .@MarinSanna‚Äîthe youngest person, at the time of her appointment as Finland‚Äôs prime minister, ever to serve as a he‚Ä¶ https://t.co/C4PqK6cWbR"
1658869299472113665,2023-05-17 16:17:15 +0000,punk6529,RT @6529er: It‚Äôs funny cause it‚Äôs true https://t.co/ghsD96DfDh
1658869198116757504,2023-05-17 16:16:51 +0000,_akhaliq,"RT @hcndashwood: If you want this for real, you gotta go to Sweden! https://t.co/9qQPouZ32V https://t.co/PQW4BKjT2L"
1658869099743662082,2023-05-17 16:16:28 +0000,co1born,"am very excited to share more in the run-up to this beta launch üíØ

incorporating...
- a lot of lessons learned over‚Ä¶ https://t.co/7B6gQCUzRQ"
1658868983259381763,2023-05-17 16:16:00 +0000,ggreenwald,"And the willingness of the media to flagrantly re-write history in the most Orwellian way possible is stunning.

Fo‚Ä¶ https://t.co/33p2x9rlCN"
1658868945154359298,2023-05-17 16:15:51 +0000,altryne,The next presidential debate: https://t.co/cRmXyDNiiu https://t.co/1KLVqy9dAI
1658868620946964486,2023-05-17 16:14:34 +0000,punk6529,"RT @MikeHirshon: At long last, my meme card ""Too Big to Sail"" has dropped and I couldn't be more thrilled/proud. Thanks @punk6529,‚Ä¶ https://t.co/eioo5liO5I"
1658868505838485514,2023-05-17 16:14:06 +0000,co1born,"ok now this is a major step forward üíØ

2023 is distribution, scale, and inclusivity https://t.co/2tG900nwei"
1658868225520680961,2023-05-17 16:12:59 +0000,LynAldenContact,Good summary thread on the global state of copper production. https://t.co/HcZXFIWTWk
1658868132381859841,2023-05-17 16:12:37 +0000,RtClick_Save,Join us üëæ https://t.co/7DerCTjKbS https://t.co/39hq30wHoC
1658867839300775939,2023-05-17 16:11:27 +0000,spawning_,"RT @_w0bb1t_: #datadiligence ¬∑ Respect generative #AI opt-outs in your ML and training pipeline .. @spawning_ 

üëâüèª‚Ä¶ https://t.co/TvK4KIr6Oy"
1658867801107447808,2023-05-17 16:11:18 +0000,MuseumofCrypto,visit #MocaROOMs ‚û°  https://t.co/boOrbxaPsi
1658867604482670595,2023-05-17 16:10:31 +0000,MuseumofCrypto,"#MocaROOMs dApp Updates üîù‚ôæ

üëÄ For the first time ever, our API is streaming your virtual gallery straight into‚Ä¶ https://t.co/hssqdULWjt"
1658867490904997888,2023-05-17 16:10:04 +0000,ggreenwald,"Two weeks ago, we learned it was CIA itself -- not just 51 ""former intelligence officials"" -- which engineered  the‚Ä¶ https://t.co/KtUNVplYGj"
1658867472836055040,2023-05-17 16:10:00 +0000,MOCDA_,"""Art is not a mirror held up to reality, but a hammer with which to shape it."" - Bertolt Brecht (1898-1956) https://t.co/hrmZKTrQZk"
1658867449196953600,2023-05-17 16:09:54 +0000,ClaireSilver12,@VanArman @karatekid_xyz @brtmoments üôèü´∂ü´†
1658867164852387842,2023-05-17 16:08:47 +0000,TCRPartyBot,RT @scott_lew_is: nouns movie character development https://t.co/UOWvrE44oR
1658867105721372672,2023-05-17 16:08:32 +0000,robinhanson,"Most aren't moral ""for its own sake"". https://t.co/vdvTvZEfGp"
1658867041883791361,2023-05-17 16:08:17 +0000,_akhaliq,reddit thread: https://t.co/bAXvfwQHAa
1658866998237966338,2023-05-17 16:08:07 +0000,_akhaliq,"A McDonald's in an igloo in the Alps, dalle2 https://t.co/lZ8qj8GC1e"
1658866966562586626,2023-05-17 16:07:59 +0000,punk6529,"RT @ClementDelangue: Requiring a license to train models would be like requiring a license to write code. IMO, it would further concentr‚Ä¶ https://t.co/BjXARv2UjQ"
1658866870865231872,2023-05-17 16:07:36 +0000,RtClick_Save,"üö® HAPPENING RIGHT NOW!
https://t.co/D67c5bKrnm"
1658866482401673216,2023-05-17 16:06:04 +0000,mustafasuleymn,wild times hearing senators asking about constitutional ai vs. rlhf
1658866384560877568,2023-05-17 16:05:40 +0000,gmoneyNFT,FOMO Fridays gonna be lit this week. https://t.co/1OZT30tFmI
1658866277841092609,2023-05-17 16:05:15 +0000,TCRPartyBot,RT @conlan: The liquidity pool begins to learn at a geometric rate. It becomes self-aware at... https://t.co/VeGhLSM0x1
1658866103764807680,2023-05-17 16:04:34 +0000,gladstein,"RT @nytimes: Indonesia‚Äôs capital, Jakarta, is sinking. Forty percent of the city now lies below sea level. After trying to save‚Ä¶ https://t.co/CKDlMJrLOo"
1658866055316381696,2023-05-17 16:04:22 +0000,karan4d,NI GADDIYA GHUMAAI PHIR DA
1658865989151277056,2023-05-17 16:04:06 +0000,RtClick_Save,"üëæ The Pixel Generation has arrived!

üëâ https://t.co/O421Wpzu5A

At 6pm BST / 1pm EDT, mint the works of
@petereburr‚Ä¶ https://t.co/HhNKJXnRT7"
1658865969165467649,2023-05-17 16:04:01 +0000,oceanprotocol,#DataScience Pros: Your favorite #web3 data platform is ________?
1658865895811284995,2023-05-17 16:03:44 +0000,cryptoartcollec,"RT @cryptoartcollec: üü¢Drop is open for mintüü¢

GIRLS OF AUTUMN by @MarvinChrisson 

Open Edition closing May 19 
Link ‚¨áÔ∏è https://t.co/2Mm5SokAua"
1658865713996496898,2023-05-17 16:03:01 +0000,gladstein,RT @frantzfries: 90% of the people I know in web3 have pivoted their company to AI
1658865690575618049,2023-05-17 16:02:55 +0000,fabiolalariosm,"can't stop thinking about pop-up windows, my mind embraces the enchanting entropy of imagination through AI. https://t.co/mhI7lJe1qV"
1658865277323591681,2023-05-17 16:01:16 +0000,DrJimFan,@ericjang11 Good one!
1658865225666363393,2023-05-17 16:01:04 +0000,RtClick_Save,"RT @_KamauKamau: Look Mum, your boy made it to Unit Londonü•πüôèüèæ

https://t.co/DSPbAJOhPw https://t.co/18bzD1tGux"
1658865193307258880,2023-05-17 16:00:56 +0000,RtClick_Save,RT @_KamauKamau: Honored to be exhibiting new works alongside other amazing artists for @weareunitlondon x @RtClick_Save  ‚ÄòThe Pixel‚Ä¶ https://t.co/GrNDmvvvDr
1658865188227915779,2023-05-17 16:00:55 +0000,sashastiles,"RT @leaps_org: ‚ÄúUnlike human beings, I never have to sleep or eat. My only job is to create and find interesting art.‚Äù Could robot‚Ä¶ https://t.co/jvPfoTXs0n"
1658864954236182528,2023-05-17 15:59:59 +0000,gitcoin,https://t.co/0UGNVofMDk
1658864621640359938,2023-05-17 15:58:40 +0000,bernardo_cafe,RT @ProhibitionArt: Art on Ethereum is evolving. We are deploying on @arbitrum to raise the bar for the artist & collector experience.‚Ä¶ https://t.co/SrObmcCwms
1658864567928385541,2023-05-17 15:58:27 +0000,funghibull,"RT @BurritoDAO: So you fancy yourself as an art collector, hm? üßê

JOIN US TONIGHT AT 7PM EST FOR OUR ART COLLECTOR PANEL! We will b‚Ä¶ https://t.co/N6Pmnfas0V"
1658864498147577860,2023-05-17 15:58:11 +0000,_akhaliq,reddit thread: https://t.co/OSJAAO31Ca
1658864496956284930,2023-05-17 15:58:10 +0000,_akhaliq,https://t.co/yBQfgQEjjR
1658864495735853058,2023-05-17 15:58:10 +0000,_akhaliq,"chatgpt, guess the true statement https://t.co/Mk69Vy27rm"
1658864234053132290,2023-05-17 15:57:08 +0000,luluixixix,"RT @luluixixix: #luluxxx #objkt #hicetnunc 
https://t.co/xRTSce194X https://t.co/3kQ2sE5Hs9"
1658864100414193669,2023-05-17 15:56:36 +0000,gladstein,"RT @Kdenkss: The world has already forgotten about Sudan. National libraries are burned, Khartoum sinks into extended warfare, a‚Ä¶ https://t.co/0RfUSxewda"
